county,state,value,name
1001,,114400,"Autauga, AL "
1003,,171460,"Baldwin, AL "
1005,,109873,"Barbour, AL "
1007,,113241,"Bibb, AL "
1009,,121172,"Blount, AL "
1011,,114172,"Bullock, AL "
1013,,111263,"Butler, AL "
1015,,133837,"Calhoun, AL "
1017,,111516,"Chambers, AL "
1019,,115221,"Cherokee, AL "
1021,,116896,"Chilton, AL "
1023,,106091,"Choctaw, AL "
1025,,110794,"Clarke, AL "
1027,,111072,"Clay, AL "
1029,,114044,"Cleburne, AL "
1031,,115012,"Coffee, AL "
1033,,119059,"Colbert, AL "
1035,,108591,"Conecuh, AL "
1037,,111236,"Coosa, AL "
1039,,115497,"Covington, AL "
1041,,108941,"Crenshaw, AL "
1043,,122577,"Cullman, AL "
1045,,115993,"Dale, AL "
1047,,117699,"Dallas, AL "
1049,,121525,"DeKalb, AL "
1051,,123712,"Elmore, AL "
1053,,115050,"Escambia, AL "
1055,,130093,"Etowah, AL "
1057,,112124,"Fayette, AL "
1059,,114645,"Franklin, AL "
1061,,114503,"Geneva, AL "
1063,,110154,"Greene, AL "
1065,,109677,"Hale, AL "
1067,,110090,"Henry, AL "
1069,,128860,"Houston, AL "
1071,,115095,"Jackson, AL "
1073,,235070,"Jefferson, AL "
1075,,109831,"Lamar, AL "
1077,,129036,"Lauderdale, AL "
1079,,111603,"Lawrence, AL "
1081,,132311,"Lee, AL "
1083,,120257,"Limestone, AL "
1085,,107287,"Lowndes, AL "
1087,,114770,"Macon, AL "
1089,,170690,"Madison, AL "
1091,,114566,"Marengo, AL "
1093,,110327,"Marion, AL "
1095,,125244,"Marshall, AL "
1097,,194152,"Mobile, AL "
1099,,110028,"Monroe, AL "
1101,,151455,"Montgomery, AL "
1103,,133082,"Morgan, AL "
1105,,107406,"Perry, AL "
1107,,109925,"Pickens, AL "
1109,,112280,"Pike, AL "
1111,,111611,"Randolph, AL "
1113,,117724,"Russell, AL "
1115,,123785,"St. Clair, AL "
1117,,145285,"Shelby, AL "
1119,,110472,"Sumter, AL "
1121,,124205,"Talladega, AL "
1123,,116057,"Tallapoosa, AL "
1125,,140107,"Tuscaloosa, AL "
1127,,125724,"Walker, AL "
1129,,113103,"Washington, AL "
1131,,111000,"Wilcox, AL "
1133,,108514,"Winston, AL "
2013,,103285,"Aleutians East, AK "
2016,,105404,"Aleutians West, AK "
2020,,145466,"Anchorage, AK "
2050,,106296,"Bethel, AK "
2060,,100983,"Bristol Bay, AK "
2068,,100541,"Denali, AK "
2070,,102187,"Dillingham, AK "
2090,,115758,"Fairbanks North Star, AK "
2100,,104335,"Haines, AK "
2110,,107274,"Juneau, AK "
2122,,117454,"Kenai Peninsula, AK "
2130,,108234,"Ketchikan Gateway, AK "
2150,,105071,"Kodiak Island, AK "
2164,,102321,"Lake and Peninsula, AK "
2170,,121005,"Matanuska-Susitna, AK "
2180,,107069,"Nome, AK "
2185,,102457,"North Slope, AK "
2188,,102753,"Northwest Arctic, AK "
2220,,106397,"Sitka, AK "
2230,,104339,"Skagway-Yakutat, AK "
2240,,105077,"Southeast Fairbanks, AK "
2270,,102235,"Wade Hampton, AK "
2282,,103499,"Yakutat, AK "
2290,,105146,"Yukon-Koyukuk, AK "
4001,,121675,"Apache, AZ "
4003,,142328,"Cochise, AZ "
4005,,131394,"Coconino, AZ "
4007,,127346,"Gila, AZ "
4009,,110723,"Graham, AZ "
4011,,112165,"Greenlee, AZ "
4012,,120558,"La Paz, AZ "
4013,,844173,"Maricopa, AZ "
4015,,197859,"Mohave, AZ "
4017,,131961,"Navajo, AZ "
4019,,357325,"Pima, AZ "
4021,,218263,"Pinal, AZ "
4023,,121647,"Santa Cruz, AZ "
4025,,201545,"Yavapai, AZ "
4027,,160662,"Yuma, AZ "
5001,,112233,"Arkansas, AR "
5003,,110829,"Ashley, AR "
5005,,125533,"Baxter, AR "
5007,,159468,"Benton, AR "
5009,,116193,"Boone, AR "
5011,,112287,"Bradley, AR "
5013,,111706,"Calhoun, AR "
5015,,112730,"Carroll, AR "
5017,,110412,"Chicot, AR "
5019,,109943,"Clark, AR "
5021,,111731,"Clay, AR "
5023,,114095,"Cleburne, AR "
5025,,111319,"Cleveland, AR "
5027,,110143,"Columbia, AR "
5029,,112981,"Conway, AR "
5031,,123899,"Craighead, AR "
5033,,121007,"Crawford, AR "
5035,,115182,"Crittenden, AR "
5037,,111733,"Cross, AR "
5039,,112073,"Dallas, AR "
5041,,107991,"Desha, AR "
5043,,108962,"Drew, AR "
5045,,127388,"Faulkner, AR "
5047,,106889,"Franklin, AR "
5049,,109986,"Fulton, AR "
5051,,138267,"Garland, AR "
5053,,110104,"Grant, AR "
5055,,114043,"Greene, AR "
5057,,109783,"Hempstead, AR "
5059,,113972,"Hot Spring, AR "
5061,,109506,"Howard, AR "
5063,,114660,"Independence, AR "
5065,,112125,"Izard, AR "
5067,,112240,"Jackson, AR "
5069,,118042,"Jefferson, AR "
5071,,111537,"Johnson, AR "
5073,,107729,"Lafayette, AR "
5075,,104089,"Lawrence, AR "
5077,,113280,"Lee, AR "
5079,,111002,"Lincoln, AR "
5081,,108135,"Little River, AR "
5083,,112962,"Logan, AR "
5085,,120924,"Lonoke, AR "
5087,,111313,"Madison, AR "
5089,,113440,"Marion, AR "
5091,,112742,"Miller, AR "
5093,,114564,"Mississippi, AR "
5095,,110949,"Monroe, AR "
5097,,110923,"Montgomery, AR "
5099,,109941,"Nevada, AR "
5101,,110098,"Newton, AR "
5103,,112442,"Ouachita, AR "
5105,,112061,"Perry, AR "
5107,,110180,"Phillips, AR "
5109,,112034,"Pike, AR "
5111,,112448,"Poinsett, AR "
5113,,108930,"Polk, AR "
5115,,120842,"Pope, AR "
5117,,112200,"Prairie, AR "
5119,,180027,"Pulaski, AR "
5121,,112055,"Randolph, AR "
5123,,110875,"St. Francis, AR "
5125,,134409,"Saline, AR "
5127,,109033,"Scott, AR "
5129,,109178,"Searcy, AR "
5131,,138655,"Sebastian, AR "
5133,,107585,"Sevier, AR "
5135,,112264,"Sharp, AR "
5137,,112787,"Stone, AR "
5139,,115261,"Union, AR "
5141,,114653,"Van Buren, AR "
5143,,145124,"Washington, AR "
5145,,122903,"White, AR "
5147,,107958,"Woodruff, AR "
5149,,113179,"Yell, AR "
6001,,357672,"Alameda, CA "
6003,,105339,"Alpine, CA "
6005,,111718,"Amador, CA "
6007,,153027,"Butte, CA "
6009,,119486,"Calaveras, CA "
6011,,106714,"Colusa, CA "
6013,,314116,"Contra Costa, CA "
6015,,107588,"Del Norte, CA "
6017,,150853,"El Dorado, CA "
6019,,253715,"Fresno, CA "
6021,,107449,"Glenn, CA "
6023,,134690,"Humboldt, CA "
6025,,146689,"Imperial, CA "
6027,,108908,"Inyo, CA "
6029,,232062,"Kern, CA "
6031,,121474,"Kings, CA "
6033,,119635,"Lake, CA "
6035,,108224,"Lassen, CA "
6037,,1740580,"Los Angeles, CA "
6039,,134353,"Madera, CA "
6041,,169373,"Marin, CA "
6043,,108540,"Mariposa, CA "
6045,,125408,"Mendocino, CA "
6047,,145637,"Merced, CA "
6049,,105072,"Modoc, CA "
6051,,99384,"Mono, CA "
6053,,170085,"Monterey, CA "
6055,,136625,"Napa, CA "
6057,,135043,"Nevada, CA "
6059,,649256,"Orange, CA "
6061,,202630,"Placer, CA "
6063,,109837,"Plumas, CA "
6065,,526634,"Riverside, CA "
6067,,382928,"Sacramento, CA "
6069,,113677,"San Benito, CA "
6071,,432753,"San Bernardino, CA "
6073,,638282,"San Diego, CA "
6075,,257016,"San Francisco, CA "
6077,,228486,"San Joaquin, CA "
6079,,176384,"San Luis Obispo, CA "
6081,,231800,"San Mateo, CA "
6083,,186791,"Santa Barbara, CA "
6085,,379518,"Santa Clara, CA "
6087,,162875,"Santa Cruz, CA "
6089,,151920,"Shasta, CA "
6091,,101521,"Sierra, CA "
6093,,118285,"Siskiyou, CA "
6095,,179981,"Solano, CA "
6097,,220594,"Sonoma, CA "
6099,,201954,"Stanislaus, CA "
6101,,117906,"Sutter, CA "
6103,,120769,"Tehama, CA "
6105,,110171,"Trinity, CA "
6107,,172500,"Tulare, CA "
6109,,116353,"Tuolumne, CA "
6111,,277032,"Ventura, CA "
6113,,141866,"Yolo, CA "
6115,,119252,"Yuba, CA "
8001,,173314,"Adams, CO "
8003,,109079,"Alamosa, CO "
8005,,210132,"Arapahoe, CO "
8007,,110399,"Archuleta, CO "
8009,,105445,"Baca, CO "
8011,,104001,"Bent, CO "
8013,,171663,"Boulder, CO "
8014,,122816,"Broomfield, CO "
8015,,104899,"Chaffee, CO "
8017,,102567,"Cheyenne, CO "
8019,,109699,"Clear Creek, CO "
8021,,103473,"Conejos, CO "
8023,,105380,"Costilla, CO "
8025,,109044,"Crowley, CO "
8027,,106927,"Custer, CO "
8029,,114875,"Delta, CO "
8031,,207903,"Denver, CO "
8033,,107279,"Dolores, CO "
8035,,169310,"Douglas, CO "
8037,,112190,"Eagle, CO "
8039,,111360,"Elbert, CO "
8041,,224376,"El Paso, CO "
8043,,123408,"Fremont, CO "
8045,,118747,"Garfield, CO "
8047,,111403,"Gilpin, CO "
8049,,106243,"Grand, CO "
8051,,106318,"Gunnison, CO "
8053,,104787,"Hinsdale, CO "
8055,,107454,"Huerfano, CO "
8057,,109379,"Jackson, CO "
8059,,223892,"Jefferson, CO "
8061,,104196,"Kiowa, CO "
8063,,105330,"Kit Carson, CO "
8065,,105004,"Lake, CO "
8067,,118872,"La Plata, CO "
8069,,180600,"Larimer, CO "
8071,,111484,"Las Animas, CO "
8073,,109448,"Lincoln, CO "
8075,,108642,"Logan, CO "
8077,,145893,"Mesa, CO "
8079,,103553,"Mineral, CO "
8081,,107214,"Moffat, CO "
8083,,111308,"Montezuma, CO "
8085,,117236,"Montrose, CO "
8087,,107889,"Morgan, CO "
8089,,110431,"Otero, CO "
8091,,105899,"Ouray, CO "
8093,,108614,"Park, CO "
8095,,106785,"Phillips, CO "
8097,,105650,"Pitkin, CO "
8099,,107680,"Prowers, CO "
8101,,145040,"Pueblo, CO "
8103,,101705,"Rio Blanco, CO "
8105,,107673,"Rio Grande, CO "
8107,,107673,"Routt, CO "
8109,,104082,"Saguache, CO "
8111,,104153,"San Juan, CO "
8113,,107335,"San Miguel, CO "
8115,,104756,"Sedgwick, CO "
8117,,108946,"Summit, CO "
8119,,115610,"Teller, CO "
8121,,109613,"Washington, CO "
8123,,160470,"Weld, CO "
8125,,106333,"Yuma, CO "
9001,,277072,"Fairfield, CT "
9003,,289002,"Hartford, CT "
9005,,151204,"Litchfield, CT "
9007,,148410,"Middlesex, CT "
9009,,274313,"New Haven, CT "
9011,,167208,"New London, CT "
9013,,137889,"Tolland, CT "
9015,,129424,"Windham, CT "
10001,,141415,"Kent, DE "
10003,,211739,"New Castle, DE "
10005,,185744,"Sussex, DE "
11001,,187499,"District of Columbia, DC "
12001,,159428,"Alachua, FL "
12003,,115742,"Baker, FL "
12005,,156706,"Bay, FL "
12007,,118784,"Bradford, FL "
12009,,279969,"Brevard, FL "
12011,,481365,"Broward, FL "
12013,,109879,"Calhoun, FL "
12015,,209361,"Charlotte, FL "
12017,,182538,"Citrus, FL "
12019,,163658,"Clay, FL "
12021,,251335,"Collier, FL "
12023,,125616,"Columbia, FL "
12027,,122587,"DeSoto, FL "
12029,,113718,"Dixie, FL "
12031,,290560,"Duval, FL "
12033,,180370,"Escambia, FL "
12035,,164432,"Flagler, FL "
12037,,112157,"Franklin, FL "
12039,,119629,"Gadsden, FL "
12041,,114466,"Gilchrist, FL "
12043,,116993,"Glades, FL "
12045,,114139,"Gulf, FL "
12047,,113195,"Hamilton, FL "
12049,,115185,"Hardee, FL "
12051,,120538,"Hendry, FL "
12053,,181039,"Hernando, FL "
12055,,155172,"Highlands, FL "
12057,,381807,"Hillsborough, FL "
12059,,110014,"Holmes, FL "
12061,,178803,"Indian River, FL "
12063,,121322,"Jackson, FL "
12065,,114013,"Jefferson, FL "
12067,,112685,"Lafayette, FL "
12069,,243126,"Lake, FL "
12071,,356603,"Lee, FL "
12073,,158935,"Leon, FL "
12075,,128280,"Levy, FL "
12077,,113218,"Liberty, FL "
12079,,114881,"Madison, FL "
12081,,246726,"Manatee, FL "
12083,,254863,"Marion, FL "
12085,,172513,"Martin, FL "
12086,,611595,"Miami-Dade, FL "
12087,,131501,"Monroe, FL "
12089,,140022,"Nassau, FL "
12091,,155948,"Okaloosa, FL "
12093,,122349,"Okeechobee, FL "
12095,,327256,"Orange, FL "
12097,,197747,"Osceola, FL "
12099,,476133,"Palm Beach, FL "
12101,,277246,"Pasco, FL "
12103,,381589,"Pinellas, FL "
12105,,307382,"Polk, FL "
12107,,134748,"Putnam, FL "
12109,,185780,"St. Johns, FL "
12111,,214582,"St. Lucie, FL "
12113,,149385,"Santa Rosa, FL "
12115,,296492,"Sarasota, FL "
12117,,206254,"Seminole, FL "
12119,,211046,"Sumter, FL "
12121,,119785,"Suwannee, FL "
12123,,114879,"Taylor, FL "
12125,,111573,"Union, FL "
12127,,295907,"Volusia, FL "
12129,,117778,"Wakulla, FL "
12131,,132051,"Walton, FL "
12133,,115229,"Washington, FL "
13001,,113921,"Appling, GA "
13003,,113821,"Atkinson, GA "
13005,,112709,"Bacon, GA "
13007,,115265,"Baker, GA "
13009,,116112,"Baldwin, GA "
13011,,115490,"Banks, GA "
13013,,127036,"Barrow, GA "
13015,,127389,"Bartow, GA "
13017,,115341,"Ben Hill, GA "
13019,,110423,"Berrien, GA "
13021,,140998,"Bibb, GA "
13023,,118303,"Bleckley, GA "
13025,,111882,"Brantley, GA "
13027,,111813,"Brooks, GA "
13029,,120274,"Bryan, GA "
13031,,123544,"Bulloch, GA "
13033,,117598,"Burke, GA "
13035,,116016,"Butts, GA "
13037,,111168,"Calhoun, GA "
13039,,120439,"Camden, GA "
13043,,115575,"Candler, GA "
13045,,129194,"Carroll, GA "
13047,,123557,"Catoosa, GA "
13049,,116762,"Charlton, GA "
13051,,164943,"Chatham, GA "
13053,,115057,"Chattahoochee, GA "
13055,,115995,"Chattooga, GA "
13057,,162959,"Cherokee, GA "
13059,,129818,"Clarke, GA "
13061,,110323,"Clay, GA "
13063,,148755,"Clayton, GA "
13065,,115241,"Clinch, GA "
13067,,229980,"Cobb, GA "
13069,,114586,"Coffee, GA "
13071,,119038,"Colquitt, GA "
13073,,137947,"Columbia, GA "
13075,,110956,"Cook, GA "
13077,,136309,"Coweta, GA "
13079,,114258,"Crawford, GA "
13081,,117698,"Crisp, GA "
13083,,115080,"Dade, GA "
13085,,121026,"Dawson, GA "
13087,,113367,"Decatur, GA "
13089,,229376,"DeKalb, GA "
13091,,116221,"Dodge, GA "
13093,,112389,"Dooly, GA "
13095,,122848,"Dougherty, GA "
13097,,136916,"Douglas, GA "
13099,,109032,"Early, GA "
13101,,110498,"Echols, GA "
13103,,120638,"Effingham, GA "
13105,,116625,"Elbert, GA "
13107,,116835,"Emanuel, GA "
13109,,108927,"Evans, GA "
13111,,119393,"Fannin, GA "
13113,,138167,"Fayette, GA "
13115,,132451,"Floyd, GA "
13117,,147351,"Forsyth, GA "
13119,,117983,"Franklin, GA "
13121,,264884,"Fulton, GA "
13123,,120130,"Gilmer, GA "
13125,,116991,"Glascock, GA "
13127,,129622,"Glynn, GA "
13129,,120047,"Gordon, GA "
13131,,112272,"Grady, GA "
13133,,120032,"Greene, GA "
13135,,234486,"Gwinnett, GA "
13137,,117427,"Habersham, GA "
13139,,149711,"Hall, GA "
13141,,115390,"Hancock, GA "
13143,,117778,"Haralson, GA "
13145,,117007,"Harris, GA "
13147,,118199,"Hart, GA "
13149,,116089,"Heard, GA "
13151,,151861,"Henry, GA "
13153,,131794,"Houston, GA "
13155,,115703,"Irwin, GA "
13157,,132494,"Jackson, GA "
13159,,114322,"Jasper, GA "
13161,,111888,"Jeff Davis, GA "
13163,,116796,"Jefferson, GA "
13165,,114789,"Jenkins, GA "
13167,,113925,"Johnson, GA "
13169,,113183,"Jones, GA "
13171,,117082,"Lamar, GA "
13173,,114007,"Lanier, GA "
13175,,120972,"Laurens, GA "
13177,,114226,"Lee, GA "
13179,,118147,"Liberty, GA "
13181,,113006,"Lincoln, GA "
13183,,117960,"Long, GA "
13185,,129669,"Lowndes, GA "
13187,,119323,"Lumpkin, GA "
13189,,115931,"McDuffie, GA "
13191,,117431,"McIntosh, GA "
13193,,116146,"Macon, GA "
13195,,116664,"Madison, GA "
13197,,116248,"Marion, GA "
13199,,116727,"Meriwether, GA "
13201,,110952,"Miller, GA "
13205,,114614,"Mitchell, GA "
13207,,115716,"Monroe, GA "
13209,,113044,"Montgomery, GA "
13211,,113477,"Morgan, GA "
13213,,115676,"Murray, GA "
13215,,143061,"Muscogee, GA "
13217,,128853,"Newton, GA "
13219,,118771,"Oconee, GA "
13221,,113175,"Oglethorpe, GA "
13223,,134579,"Paulding, GA "
13225,,116223,"Peach, GA "
13227,,119521,"Pickens, GA "
13229,,117115,"Pierce, GA "
13231,,115979,"Pike, GA "
13233,,117074,"Polk, GA "
13235,,112252,"Pulaski, GA "
13237,,119361,"Putnam, GA "
13239,,110895,"Quitman, GA "
13241,,116103,"Rabun, GA "
13243,,111343,"Randolph, GA "
13245,,150513,"Richmond, GA "
13247,,127244,"Rockdale, GA "
13249,,116859,"Schley, GA "
13251,,115118,"Screven, GA "
13253,,113258,"Seminole, GA "
13255,,127035,"Spalding, GA "
13257,,119805,"Stephens, GA "
13259,,116750,"Stewart, GA "
13261,,113930,"Sumter, GA "
13263,,113856,"Talbot, GA "
13265,,114116,"Taliaferro, GA "
13267,,118195,"Tattnall, GA "
13269,,115666,"Taylor, GA "
13271,,114867,"Telfair, GA "
13273,,113658,"Terrell, GA "
13275,,122682,"Thomas, GA "
13277,,115051,"Tift, GA "
13279,,118966,"Toombs, GA "
13281,,113035,"Towns, GA "
13283,,119605,"Treutlen, GA "
13285,,125534,"Troup, GA "
13287,,113352,"Turner, GA "
13289,,110057,"Twiggs, GA "
13291,,119847,"Union, GA "
13293,,116253,"Upson, GA "
13295,,125494,"Walker, GA "
13297,,133366,"Walton, GA "
13299,,117695,"Ware, GA "
13301,,116464,"Warren, GA "
13303,,116002,"Washington, GA "
13305,,117385,"Wayne, GA "
13307,,116502,"Webster, GA "
13309,,116277,"Wheeler, GA "
13311,,117395,"White, GA "
13313,,126003,"Whitfield, GA "
13315,,110841,"Wilcox, GA "
13317,,115469,"Wilkes, GA "
13319,,114525,"Wilkinson, GA "
13321,,111340,"Worth, GA "
15001,,155425,"Hawaii, HI "
15003,,272042,"Honolulu, HI "
15005,,101458,"Kalawao, HI "
15007,,123376,"Kauai, HI "
15009,,140327,"Maui, HI "
16001,,200474,"Ada, ID "
16003,,111217,"Adams, ID "
16005,,125972,"Bannock, ID "
16007,,106176,"Bear Lake, ID "
16009,,111490,"Benewah, ID "
16011,,112699,"Bingham, ID "
16013,,113165,"Blaine, ID "
16015,,112474,"Boise, ID "
16017,,123577,"Bonner, ID "
16019,,127971,"Bonneville, ID "
16021,,111735,"Boundary, ID "
16023,,107395,"Butte, ID "
16025,,107647,"Camas, ID "
16027,,151455,"Canyon, ID "
16029,,109121,"Caribou, ID "
16031,,109958,"Cassia, ID "
16033,,108773,"Clark, ID "
16035,,112170,"Clearwater, ID "
16037,,107334,"Custer, ID "
16039,,112457,"Elmore, ID "
16041,,107799,"Franklin, ID "
16043,,108721,"Fremont, ID "
16045,,115584,"Gem, ID "
16047,,108928,"Gooding, ID "
16049,,107333,"Idaho, ID "
16051,,112581,"Jefferson, ID "
16053,,110852,"Jerome, ID "
16055,,152996,"Kootenai, ID "
16057,,110605,"Latah, ID "
16059,,106004,"Lemhi, ID "
16061,,107439,"Lewis, ID "
16063,,108687,"Lincoln, ID "
16065,,109985,"Madison, ID "
16067,,109836,"Minidoka, ID "
16069,,120246,"Nez Perce, ID "
16071,,103106,"Oneida, ID "
16073,,109976,"Owyhee, ID "
16075,,115387,"Payette, ID "
16077,,106699,"Power, ID "
16079,,111446,"Shoshone, ID "
16081,,108561,"Teton, ID "
16083,,126369,"Twin Falls, ID "
16085,,111229,"Valley, ID "
16087,,112258,"Washington, ID "
17001,,123212,"Adams, IL "
17003,,112339,"Alexander, IL "
17005,,115820,"Bond, IL "
17007,,122281,"Boone, IL "
17009,,111474,"Brown, IL "
17011,,113045,"Bureau, IL "
17013,,114703,"Calhoun, IL "
17015,,114537,"Carroll, IL "
17017,,107946,"Cass, IL "
17019,,139064,"Champaign, IL "
17021,,111740,"Christian, IL "
17023,,111126,"Clark, IL "
17025,,115305,"Clay, IL "
17027,,120069,"Clinton, IL "
17029,,116111,"Coles, IL "
17031,,886732,"Cook, IL "
17033,,115896,"Crawford, IL "
17035,,114353,"Cumberland, IL "
17037,,122318,"DeKalb, IL "
17039,,112305,"De Witt, IL "
17041,,113435,"Douglas, IL "
17043,,270409,"DuPage, IL "
17045,,112057,"Edgar, IL "
17047,,108042,"Edwards, IL "
17049,,115394,"Effingham, IL "
17051,,116177,"Fayette, IL "
17053,,111765,"Ford, IL "
17055,,118088,"Franklin, IL "
17057,,116135,"Fulton, IL "
17059,,109523,"Gallatin, IL "
17061,,114719,"Greene, IL "
17063,,116443,"Grundy, IL "
17065,,110536,"Hamilton, IL "
17067,,117749,"Hancock, IL "
17069,,110616,"Hardin, IL "
17071,,113993,"Henderson, IL "
17073,,119437,"Henry, IL "
17075,,116302,"Iroquois, IL "
17077,,118618,"Jackson, IL "
17079,,110774,"Jasper, IL "
17081,,118670,"Jefferson, IL "
17083,,118021,"Jersey, IL "
17085,,120024,"Jo Daviess, IL "
17087,,109659,"Johnson, IL "
17089,,194793,"Kane, IL "
17091,,131699,"Kankakee, IL "
17093,,127419,"Kendall, IL "
17095,,119868,"Knox, IL "
17097,,231456,"Lake, IL "
17099,,132669,"La Salle, IL "
17101,,112161,"Lawrence, IL "
17103,,117971,"Lee, IL "
17105,,113614,"Livingston, IL "
17107,,116127,"Logan, IL "
17109,,111244,"McDonough, IL "
17111,,163562,"McHenry, IL "
17113,,142014,"McLean, IL "
17115,,129421,"Macon, IL "
17117,,120874,"Macoupin, IL "
17119,,164685,"Madison, IL "
17121,,118320,"Marion, IL "
17123,,110200,"Marshall, IL "
17125,,110544,"Mason, IL "
17127,,111340,"Massac, IL "
17129,,111340,"Menard, IL "
17131,,111811,"Mercer, IL "
17133,,117379,"Monroe, IL "
17135,,115000,"Montgomery, IL "
17137,,114339,"Morgan, IL "
17139,,111226,"Moultrie, IL "
17141,,120884,"Ogle, IL "
17143,,143919,"Peoria, IL "
17145,,108939,"Perry, IL "
17147,,110819,"Piatt, IL "
17149,,112456,"Pike, IL "
17151,,110186,"Pope, IL "
17153,,112258,"Pulaski, IL "
17155,,113741,"Putnam, IL "
17157,,110050,"Randolph, IL "
17159,,111884,"Richland, IL "
17161,,139752,"Rock Island, IL "
17163,,159710,"St. Clair, IL "
17165,,113772,"Saline, IL "
17167,,149312,"Sangamon, IL "
17169,,110701,"Schuyler, IL "
17171,,113699,"Scott, IL "
17173,,113731,"Shelby, IL "
17175,,113828,"Stark, IL "
17177,,123076,"Stephenson, IL "
17179,,134918,"Tazewell, IL "
17181,,114822,"Union, IL "
17183,,120566,"Vermilion, IL "
17185,,114382,"Wabash, IL "
17187,,110364,"Warren, IL "
17189,,114535,"Washington, IL "
17191,,112767,"Wayne, IL "
17193,,110754,"White, IL "
17195,,121672,"Whiteside, IL "
17197,,214550,"Will, IL "
17199,,117698,"Williamson, IL "
17201,,172356,"Winnebago, IL "
17203,,114153,"Woodford, IL "
18001,,112425,"Adams, IN "
18003,,182866,"Allen, IN "
18005,,122288,"Bartholomew, IN "
18007,,105996,"Benton, IN "
18009,,111466,"Blackford, IN "
18011,,120452,"Boone, IN "
18013,,109249,"Brown, IN "
18015,,112796,"Carroll, IN "
18017,,119306,"Cass, IN "
18019,,136269,"Clark, IN "
18021,,107733,"Clay, IN "
18023,,111689,"Clinton, IN "
18025,,109249,"Crawford, IN "
18027,,109744,"Daviess, IN "
18029,,113753,"Dearborn, IN "
18031,,108513,"Decatur, IN "
18033,,114870,"De Kalb, IN "
18035,,131021,"Delaware, IN "
18037,,113650,"Dubois, IN "
18039,,142501,"Elkhart, IN "
18041,,115550,"Fayette, IN "
18043,,124330,"Floyd, IN "
18045,,110819,"Fountain, IN "
18047,,115217,"Franklin, IN "
18049,,110829,"Fulton, IN "
18051,,112579,"Gibson, IN "
18053,,122078,"Grant, IN "
18055,,107735,"Greene, IN "
18057,,166391,"Hamilton, IN "
18059,,125653,"Hancock, IN "
18061,,113842,"Harrison, IN "
18063,,142554,"Hendricks, IN "
18065,,118571,"Henry, IN "
18067,,126178,"Howard, IN "
18069,,116108,"Huntington, IN "
18071,,114884,"Jackson, IN "
18073,,109934,"Jasper, IN "
18075,,113605,"Jay, IN "
18077,,115134,"Jefferson, IN "
18079,,114152,"Jennings, IN "
18081,,137874,"Johnson, IN "
18083,,116378,"Knox, IN "
18085,,120627,"Kosciusko, IN "
18087,,113582,"Lagrange, IN "
18089,,202684,"Lake, IN "
18091,,128674,"La Porte, IN "
18093,,114904,"Lawrence, IN "
18095,,133750,"Madison, IN "
18097,,263694,"Marion, IN "
18099,,112426,"Marshall, IN "
18101,,111181,"Martin, IN "
18103,,110849,"Miami, IN "
18105,,127373,"Monroe, IN "
18107,,113679,"Montgomery, IN "
18109,,121974,"Morgan, IN "
18111,,109235,"Newton, IN "
18113,,116767,"Noble, IN "
18115,,111984,"Ohio, IN "
18117,,115098,"Orange, IN "
18119,,110837,"Owen, IN "
18121,,110748,"Parke, IN "
18123,,111980,"Perry, IN "
18125,,110587,"Pike, IN "
18127,,142518,"Porter, IN "
18129,,114243,"Posey, IN "
18131,,105428,"Pulaski, IN "
18133,,112353,"Putnam, IN "
18135,,109579,"Randolph, IN "
18137,,116020,"Ripley, IN "
18139,,112027,"Rush, IN "
18141,,158660,"St. Joseph, IN "
18143,,114364,"Scott, IN "
18145,,116971,"Shelby, IN "
18147,,108695,"Spencer, IN "
18149,,113719,"Starke, IN "
18151,,113078,"Steuben, IN "
18153,,109227,"Sullivan, IN "
18155,,108804,"Switzerland, IN "
18157,,131050,"Tippecanoe, IN "
18159,,106847,"Tipton, IN "
18161,,112721,"Union, IN "
18163,,143522,"Vanderburgh, IN "
18165,,113320,"Vermillion, IN "
18167,,129627,"Vigo, IN "
18169,,111326,"Wabash, IN "
18171,,111065,"Warren, IN "
18173,,117292,"Warrick, IN "
18175,,114871,"Washington, IN "
18177,,122410,"Wayne, IN "
18179,,117351,"Wells, IN "
18181,,114162,"White, IN "
18183,,111947,"Whitley, IN "
19001,,109484,"Adair, IA "
19003,,107667,"Adams, IA "
19005,,109322,"Allamakee, IA "
19007,,112262,"Appanoose, IA "
19009,,110448,"Audubon, IA "
19011,,113076,"Benton, IA "
19013,,133625,"Black Hawk, IA "
19015,,113234,"Boone, IA "
19017,,111272,"Bremer, IA "
19019,,110322,"Buchanan, IA "
19021,,112685,"Buena Vista, IA "
19023,,111133,"Butler, IA "
19025,,108293,"Calhoun, IA "
19027,,109167,"Carroll, IA "
19029,,110484,"Cass, IA "
19031,,110829,"Cedar, IA "
19033,,118469,"Cerro Gordo, IA "
19035,,110747,"Cherokee, IA "
19037,,108667,"Chickasaw, IA "
19039,,108444,"Clarke, IA "
19041,,105981,"Clay, IA "
19043,,111511,"Clayton, IA "
19045,,116780,"Clinton, IA "
19047,,110142,"Crawford, IA "
19049,,119483,"Dallas, IA "
19051,,106542,"Davis, IA "
19053,,107696,"Decatur, IA "
19055,,109864,"Delaware, IA "
19057,,114237,"Des Moines, IA "
19059,,112048,"Dickinson, IA "
19061,,135537,"Dubuque, IA "
19063,,106593,"Emmet, IA "
19065,,109826,"Fayette, IA "
19067,,108065,"Floyd, IA "
19069,,110301,"Franklin, IA "
19071,,105669,"Fremont, IA "
19073,,109694,"Greene, IA "
19075,,108657,"Grundy, IA "
19077,,107815,"Guthrie, IA "
19079,,107936,"Hamilton, IA "
19081,,109123,"Hancock, IA "
19083,,107883,"Hardin, IA "
19085,,110438,"Harrison, IA "
19087,,111413,"Henry, IA "
19089,,107188,"Howard, IA "
19091,,110244,"Humboldt, IA "
19093,,107860,"Ida, IA "
19095,,107627,"Iowa, IA "
19097,,111879,"Jackson, IA "
19099,,112690,"Jasper, IA "
19101,,106169,"Jefferson, IA "
19103,,125000,"Johnson, IA "
19105,,111790,"Jones, IA "
19107,,106061,"Keokuk, IA "
19109,,110558,"Kossuth, IA "
19111,,114554,"Lee, IA "
19113,,151968,"Linn, IA "
19115,,111960,"Louisa, IA "
19117,,108233,"Lucas, IA "
19119,,109473,"Lyon, IA "
19121,,108905,"Madison, IA "
19123,,109257,"Mahaska, IA "
19125,,114824,"Marion, IA "
19127,,112713,"Marshall, IA "
19129,,109938,"Mills, IA "
19131,,110127,"Mitchell, IA "
19133,,108513,"Monona, IA "
19135,,112426,"Monroe, IA "
19137,,105338,"Montgomery, IA "
19139,,114128,"Muscatine, IA "
19141,,111737,"O'Brien, IA "
19143,,110114,"Osceola, IA "
19145,,109144,"Page, IA "
19147,,108735,"Palo Alto, IA "
19149,,112953,"Plymouth, IA "
19151,,111543,"Pocahontas, IA "
19153,,189208,"Polk, IA "
19155,,125666,"Pottawattamie, IA "
19157,,111186,"Poweshiek, IA "
19159,,109141,"Ringgold, IA "
19161,,109138,"Sac, IA "
19163,,139360,"Scott, IA "
19165,,111568,"Shelby, IA "
19167,,113270,"Sioux, IA "
19169,,120656,"Story, IA "
19171,,109623,"Tama, IA "
19173,,106525,"Taylor, IA "
19175,,108488,"Union, IA "
19177,,104916,"Van Buren, IA "
19179,,113021,"Wapello, IA "
19181,,114547,"Warren, IA "
19183,,109042,"Washington, IA "
19185,,110028,"Wayne, IA "
19187,,114588,"Webster, IA "
19189,,111585,"Winnebago, IA "
19191,,111996,"Winneshiek, IA "
19193,,121126,"Woodbury, IA "
19195,,109121,"Worth, IA "
19197,,109046,"Wright, IA "
20001,,108681,"Allen, KS "
20003,,109960,"Anderson, KS "
20005,,106346,"Atchison, KS "
20007,,106066,"Barber, KS "
20009,,110500,"Barton, KS "
20011,,107555,"Bourbon, KS "
20013,,107166,"Brown, KS "
20015,,118266,"Butler, KS "
20017,,105098,"Chase, KS "
20019,,108040,"Chautauqua, KS "
20021,,111920,"Cherokee, KS "
20023,,107842,"Cheyenne, KS "
20025,,105490,"Clark, KS "
20027,,105332,"Clay, KS "
20029,,109268,"Cloud, KS "
20031,,110395,"Coffey, KS "
20033,,100811,"Comanche, KS "
20035,,114567,"Cowley, KS "
20037,,111028,"Crawford, KS "
20039,,102058,"Decatur, KS "
20041,,108733,"Dickinson, KS "
20043,,107401,"Doniphan, KS "
20045,,127543,"Douglas, KS "
20047,,108397,"Edwards, KS "
20049,,105894,"Elk, KS "
20051,,110554,"Ellis, KS "
20053,,110210,"Ellsworth, KS "
20055,,106432,"Finney, KS "
20057,,109405,"Ford, KS "
20059,,110010,"Franklin, KS "
20061,,109176,"Geary, KS "
20063,,101072,"Gove, KS "
20065,,106146,"Graham, KS "
20067,,103354,"Grant, KS "
20069,,100956,"Gray, KS "
20071,,101893,"Greeley, KS "
20073,,107999,"Greenwood, KS "
20075,,105248,"Hamilton, KS "
20077,,108369,"Harper, KS "
20079,,115669,"Harvey, KS "
20081,,106139,"Haskell, KS "
20083,,106544,"Hodgeman, KS "
20085,,112345,"Jackson, KS "
20087,,111758,"Jefferson, KS "
20089,,106460,"Jewell, KS "
20091,,210330,"Johnson, KS "
20093,,106267,"Kearny, KS "
20095,,107786,"Kingman, KS "
20097,,105275,"Kiowa, KS "
20099,,110910,"Labette, KS "
20101,,106963,"Lane, KS "
20103,,118883,"Leavenworth, KS "
20105,,103585,"Lincoln, KS "
20107,,108729,"Linn, KS "
20109,,103429,"Logan, KS "
20111,,112042,"Lyon, KS "
20113,,115117,"McPherson, KS "
20115,,107367,"Marion, KS "
20117,,108775,"Marshall, KS "
20119,,106164,"Meade, KS "
20121,,111424,"Miami, KS "
20123,,104559,"Mitchell, KS "
20125,,112445,"Montgomery, KS "
20127,,107673,"Morris, KS "
20129,,108033,"Morton, KS "
20131,,107653,"Nemaha, KS "
20133,,109844,"Neosho, KS "
20135,,104783,"Ness, KS "
20137,,103277,"Norton, KS "
20139,,109832,"Osage, KS "
20141,,105263,"Osborne, KS "
20143,,107387,"Ottawa, KS "
20145,,106118,"Pawnee, KS "
20147,,104965,"Phillips, KS "
20149,,110341,"Pottawatomie, KS "
20151,,108390,"Pratt, KS "
20153,,103351,"Rawlins, KS "
20155,,116488,"Reno, KS "
20157,,108234,"Republic, KS "
20159,,103527,"Rice, KS "
20161,,110444,"Riley, KS "
20163,,104305,"Rooks, KS "
20165,,104657,"Rush, KS "
20167,,106455,"Russell, KS "
20169,,120049,"Saline, KS "
20171,,107218,"Scott, KS "
20173,,196931,"Sedgwick, KS "
20175,,110129,"Seward, KS "
20177,,145672,"Shawnee, KS "
20179,,106846,"Sheridan, KS "
20181,,106172,"Sherman, KS "
20183,,106122,"Smith, KS "
20185,,104516,"Stafford, KS "
20187,,104755,"Stanton, KS "
20189,,105619,"Stevens, KS "
20191,,111522,"Sumner, KS "
20193,,102079,"Thomas, KS "
20195,,103957,"Trego, KS "
20197,,108948,"Wabaunsee, KS "
20199,,105910,"Wallace, KS "
20201,,107973,"Washington, KS "
20203,,106649,"Wichita, KS "
20205,,108754,"Wilson, KS "
20207,,108701,"Woodson, KS "
20209,,124237,"Wyandotte, KS "
21001,,112302,"Adair, KY "
21003,,110903,"Allen, KY "
21005,,114060,"Anderson, KY "
21007,,111116,"Ballard, KY "
21009,,116805,"Barren, KY "
21011,,105524,"Bath, KY "
21013,,112869,"Bell, KY "
21015,,127484,"Boone, KY "
21017,,112233,"Bourbon, KY "
21019,,115486,"Boyd, KY "
21021,,111163,"Boyle, KY "
21023,,112567,"Bracken, KY "
21025,,109688,"Breathitt, KY "
21027,,112549,"Breckinridge, KY "
21029,,123565,"Bullitt, KY "
21031,,109518,"Butler, KY "
21033,,110269,"Caldwell, KY "
21035,,115198,"Calloway, KY "
21037,,124095,"Campbell, KY "
21039,,110290,"Carlisle, KY "
21041,,112392,"Carroll, KY "
21043,,113575,"Carter, KY "
21045,,109517,"Casey, KY "
21047,,121304,"Christian, KY "
21049,,115759,"Clark, KY "
21051,,110812,"Clay, KY "
21053,,107060,"Clinton, KY "
21055,,110624,"Crittenden, KY "
21057,,110671,"Cumberland, KY "
21059,,127508,"Daviess, KY "
21061,,109663,"Edmonson, KY "
21063,,109418,"Elliott, KY "
21065,,111903,"Estill, KY "
21067,,165898,"Fayette, KY "
21069,,110602,"Fleming, KY "
21071,,117895,"Floyd, KY "
21073,,124435,"Franklin, KY "
21075,,111459,"Fulton, KY "
21077,,108049,"Gallatin, KY "
21079,,108656,"Garrard, KY "
21081,,115019,"Grant, KY "
21083,,113839,"Graves, KY "
21085,,115651,"Grayson, KY "
21087,,109529,"Green, KY "
21089,,116820,"Greenup, KY "
21091,,107229,"Hancock, KY "
21093,,127337,"Hardin, KY "
21095,,114552,"Harlan, KY "
21097,,112866,"Harrison, KY "
21099,,109304,"Hart, KY "
21101,,113373,"Henderson, KY "
21103,,112513,"Henry, KY "
21105,,110317,"Hickman, KY "
21107,,117578,"Hopkins, KY "
21109,,109895,"Jackson, KY "
21111,,260015,"Jefferson, KY "
21113,,117370,"Jessamine, KY "
21115,,109935,"Johnson, KY "
21117,,137394,"Kenton, KY "
21119,,108161,"Knott, KY "
21121,,113505,"Knox, KY "
21123,,112419,"Larue, KY "
21125,,118720,"Laurel, KY "
21127,,110220,"Lawrence, KY "
21129,,112480,"Lee, KY "
21131,,111879,"Leslie, KY "
21133,,112550,"Letcher, KY "
21135,,112458,"Lewis, KY "
21137,,112635,"Lincoln, KY "
21139,,107227,"Livingston, KY "
21141,,117885,"Logan, KY "
21143,,109179,"Lyon, KY "
21145,,122711,"McCracken, KY "
21147,,109404,"McCreary, KY "
21149,,111127,"McLean, KY "
21151,,125315,"Madison, KY "
21153,,113751,"Magoffin, KY "
21155,,110011,"Marion, KY "
21157,,117137,"Marshall, KY "
21159,,111421,"Martin, KY "
21161,,108561,"Mason, KY "
21163,,116642,"Meade, KY "
21165,,111604,"Menifee, KY "
21167,,115466,"Mercer, KY "
21169,,108823,"Metcalfe, KY "
21171,,112375,"Monroe, KY "
21173,,110552,"Montgomery, KY "
21175,,110209,"Morgan, KY "
21177,,113983,"Muhlenberg, KY "
21179,,120592,"Nelson, KY "
21181,,106448,"Nicholas, KY "
21183,,110949,"Ohio, KY "
21185,,117006,"Oldham, KY "
21187,,112028,"Owen, KY "
21189,,108036,"Owsley, KY "
21191,,111966,"Pendleton, KY "
21193,,112040,"Perry, KY "
21195,,119079,"Pike, KY "
21197,,109242,"Powell, KY "
21199,,126389,"Pulaski, KY "
21201,,114355,"Robertson, KY "
21203,,110393,"Rockcastle, KY "
21205,,112488,"Rowan, KY "
21207,,111845,"Russell, KY "
21209,,118018,"Scott, KY "
21211,,114657,"Shelby, KY "
21213,,109858,"Simpson, KY "
21215,,114451,"Spencer, KY "
21217,,112965,"Taylor, KY "
21219,,113004,"Todd, KY "
21221,,112407,"Trigg, KY "
21223,,111519,"Trimble, KY "
21225,,111044,"Union, KY "
21227,,129584,"Warren, KY "
21229,,110798,"Washington, KY "
21231,,113051,"Wayne, KY "
21233,,112219,"Webster, KY "
21235,,118481,"Whitley, KY "
21237,,108942,"Wolfe, KY "
21239,,118603,"Woodford, KY "
22001,,119992,"Acadia, LA "
22003,,114694,"Allen, LA "
22005,,128297,"Ascension, LA "
22007,,114147,"Assumption, LA "
22009,,115627,"Avoyelles, LA "
22011,,115293,"Beauregard, LA "
22013,,111388,"Bienville, LA "
22015,,128811,"Bossier, LA "
22017,,154970,"Caddo, LA "
22019,,141595,"Calcasieu, LA "
22021,,112013,"Caldwell, LA "
22023,,111529,"Cameron, LA "
22025,,111143,"Catahoula, LA "
22027,,111296,"Claiborne, LA "
22029,,111173,"Concordia, LA "
22031,,113543,"De Soto, LA "
22033,,189530,"East Baton Rouge, LA "
22035,,109792,"East Carroll, LA "
22037,,117816,"East Feliciana, LA "
22039,,114008,"Evangeline, LA "
22041,,110884,"Franklin, LA "
22043,,111263,"Grant, LA "
22045,,119691,"Iberia, LA "
22047,,112216,"Iberville, LA "
22049,,112899,"Jackson, LA "
22051,,199871,"Jefferson, LA "
22053,,113446,"Jefferson Davis, LA "
22055,,147023,"Lafayette, LA "
22057,,122835,"Lafourche, LA "
22059,,109360,"La Salle, LA "
22061,,115920,"Lincoln, LA "
22063,,132623,"Livingston, LA "
22065,,109198,"Madison, LA "
22067,,115847,"Morehouse, LA "
22069,,113094,"Natchitoches, LA "
22071,,182540,"Orleans, LA "
22073,,133916,"Ouachita, LA "
22075,,111146,"Plaquemines, LA "
22077,,117440,"Pointe Coupee, LA "
22079,,133769,"Rapides, LA "
22081,,113342,"Red River, LA "
22083,,112754,"Richland, LA "
22085,,109818,"Sabine, LA "
22087,,113531,"St. Bernard, LA "
22089,,115940,"St. Charles, LA "
22091,,114085,"St. Helena, LA "
22093,,111966,"St. James, LA "
22095,,119862,"St. John the Baptist, LA "
22097,,123380,"St. Landry, LA "
22099,,120371,"St. Martin, LA "
22101,,119973,"St. Mary, LA "
22103,,168885,"St. Tammany, LA "
22105,,135668,"Tangipahoa, LA "
22107,,110930,"Tensas, LA "
22109,,128997,"Terrebonne, LA "
22111,,112078,"Union, LA "
22113,,116282,"Vermilion, LA "
22115,,115501,"Vernon, LA "
22117,,118661,"Washington, LA "
22119,,116499,"Webster, LA "
22121,,110553,"West Baton Rouge, LA "
22123,,109824,"West Carroll, LA "
22125,,109993,"West Feliciana, LA "
22127,,108414,"Winn, LA "
23001,,130614,"Androscoggin, ME "
23003,,118972,"Aroostook, ME "
23005,,178417,"Cumberland, ME "
23007,,113541,"Franklin, ME "
23009,,121993,"Hancock, ME "
23011,,135758,"Kennebec, ME "
23013,,113958,"Knox, ME "
23015,,117417,"Lincoln, ME "
23017,,116052,"Oxford, ME "
23019,,142894,"Penobscot, ME "
23021,,105038,"Piscataquis, ME "
23023,,113671,"Sagadahoc, ME "
23025,,119902,"Somerset, ME "
23027,,115459,"Waldo, ME "
23029,,113136,"Washington, ME "
23031,,157068,"York, ME "
24001,,123024,"Allegany, MD "
24003,,192594,"Anne Arundel, MD "
24005,,252524,"Baltimore, MD "
24009,,115929,"Calvert, MD "
24011,,107461,"Caroline, MD "
24013,,132825,"Carroll, MD "
24015,,121393,"Cecil, MD "
24017,,126857,"Charles, MD "
24019,,113351,"Dorchester, MD "
24021,,145784,"Frederick, MD "
24023,,111441,"Garrett, MD "
24025,,149378,"Harford, MD "
24027,,147708,"Howard, MD "
24029,,111947,"Kent, MD "
24031,,254448,"Montgomery, MD "
24033,,223579,"Prince George's, MD "
24035,,114787,"Queen Anne's, MD "
24037,,114802,"St. Mary's, MD "
24039,,109017,"Somerset, MD "
24041,,111254,"Talbot, MD "
24043,,134932,"Washington, MD "
24045,,121857,"Wicomico, MD "
24047,,120892,"Worcester, MD "
24510,,195685,"Baltimore City, MD "
25001,,188920,"Barnstable, MA "
25003,,143380,"Berkshire, MA "
25005,,227661,"Bristol, MA "
25007,,110775,"Dukes, MA "
25009,,269542,"Essex, MA "
25011,,125988,"Franklin, MA "
25013,,211654,"Hampden, MA "
25015,,142577,"Hampshire, MA "
25017,,373711,"Middlesex, MA "
25019,,103302,"Nantucket, MA "
25021,,236872,"Norfolk, MA "
25023,,219243,"Plymouth, MA "
25025,,217849,"Suffolk, MA "
25027,,271485,"Worcester, MA "
26001,,107418,"Alcona, MI "
26003,,105143,"Alger, MI "
26005,,130440,"Allegan, MI "
26007,,115653,"Alpena, MI "
26009,,111960,"Antrim, MI "
26011,,109400,"Arenac, MI "
26013,,109631,"Baraga, MI "
26015,,120602,"Barry, MI "
26017,,134858,"Bay, MI "
26019,,111532,"Benzie, MI "
26021,,144626,"Berrien, MI "
26023,,122232,"Branch, MI "
26025,,137773,"Calhoun, MI "
26027,,120674,"Cass, MI "
26029,,112513,"Charlevoix, MI "
26031,,116445,"Cheboygan, MI "
26033,,110203,"Chippewa, MI "
26035,,114654,"Clare, MI "
26037,,124477,"Clinton, MI "
26039,,111033,"Crawford, MI "
26041,,119016,"Delta, MI "
26043,,111686,"Dickinson, MI "
26045,,138657,"Eaton, MI "
26047,,115994,"Emmet, MI "
26049,,214896,"Genesee, MI "
26051,,111977,"Gladwin, MI "
26053,,110673,"Gogebic, MI "
26055,,137419,"Grand Traverse, MI "
26057,,117678,"Gratiot, MI "
26059,,121961,"Hillsdale, MI "
26061,,113123,"Houghton, MI "
26063,,116477,"Huron, MI "
26065,,166278,"Ingham, MI "
26067,,120665,"Ionia, MI "
26069,,112408,"Iosco, MI "
26071,,109777,"Iron, MI "
26073,,117814,"Isabella, MI "
26075,,145567,"Jackson, MI "
26077,,164640,"Kalamazoo, MI "
26079,,112522,"Kalkaska, MI "
26081,,232207,"Kent, MI "
26083,,106317,"Keweenaw, MI "
26085,,113757,"Lake, MI "
26087,,126225,"Lapeer, MI "
26089,,116303,"Leelanau, MI "
26091,,127991,"Lenawee, MI "
26093,,155705,"Livingston, MI "
26095,,106545,"Luce, MI "
26097,,106393,"Mackinac, MI "
26099,,295672,"Macomb, MI "
26101,,115003,"Manistee, MI "
26103,,120904,"Marquette, MI "
26105,,114903,"Mason, MI "
26107,,116461,"Mecosta, MI "
26109,,113005,"Menominee, MI "
26111,,125620,"Midland, MI "
26113,,109414,"Missaukee, MI "
26115,,142577,"Monroe, MI "
26117,,123869,"Montcalm, MI "
26119,,109566,"Montmorency, MI "
26121,,153102,"Muskegon, MI "
26123,,124582,"Newaygo, MI "
26125,,380674,"Oakland, MI "
26127,,113300,"Oceana, MI "
26129,,117287,"Ogemaw, MI "
26131,,108794,"Ontonagon, MI "
26133,,114382,"Osceola, MI "
26135,,111944,"Oscoda, MI "
26137,,114723,"Otsego, MI "
26139,,165635,"Ottawa, MI "
26141,,107547,"Presque Isle, MI "
26143,,116661,"Roscommon, MI "
26145,,155366,"Saginaw, MI "
26147,,145976,"St. Clair, MI "
26149,,118577,"St. Joseph, MI "
26151,,120281,"Sanilac, MI "
26153,,108418,"Schoolcraft, MI "
26155,,126069,"Shiawassee, MI "
26157,,124837,"Tuscola, MI "
26159,,128523,"Van Buren, MI "
26161,,181677,"Washtenaw, MI "
26163,,456704,"Wayne, MI "
26165,,118406,"Wexford, MI "
27001,,113282,"Aitkin, MN "
27003,,167782,"Anoka, MN "
27005,,113261,"Becker, MN "
27007,,114379,"Beltrami, MN "
27009,,108763,"Benton, MN "
27011,,105261,"Big Stone, MN "
27013,,114187,"Blue Earth, MN "
27015,,107484,"Brown, MN "
27017,,108480,"Carlton, MN "
27019,,117814,"Carver, MN "
27021,,112058,"Cass, MN "
27023,,106487,"Chippewa, MN "
27025,,114286,"Chisago, MN "
27027,,111238,"Clay, MN "
27029,,105579,"Clearwater, MN "
27031,,104002,"Cook, MN "
27033,,108604,"Cottonwood, MN "
27035,,120292,"Crow Wing, MN "
27037,,183551,"Dakota, MN "
27039,,104439,"Dodge, MN "
27041,,111084,"Douglas, MN "
27043,,108740,"Faribault, MN "
27045,,106165,"Fillmore, MN "
27047,,108813,"Freeborn, MN "
27049,,118365,"Goodhue, MN "
27051,,106432,"Grant, MN "
27053,,316944,"Hennepin, MN "
27055,,106248,"Houston, MN "
27057,,109008,"Hubbard, MN "
27059,,110980,"Isanti, MN "
27061,,116827,"Itasca, MN "
27063,,104741,"Jackson, MN "
27065,,108464,"Kanabec, MN "
27067,,114520,"Kandiyohi, MN "
27069,,103713,"Kittson, MN "
27071,,112866,"Koochiching, MN "
27073,,103238,"Lac qui Parle, MN "
27075,,105585,"Lake, MN "
27077,,107709,"Lake of the Woods, MN "
27079,,111091,"Le Sueur, MN "
27081,,105712,"Lincoln, MN "
27083,,110838,"Lyon, MN "
27085,,112350,"McLeod, MN "
27087,,107412,"Mahnomen, MN "
27089,,108799,"Marshall, MN "
27091,,105831,"Martin, MN "
27093,,113380,"Meeker, MN "
27095,,107377,"Mille Lacs, MN "
27097,,111747,"Morrison, MN "
27099,,111409,"Mower, MN "
27101,,106092,"Murray, MN "
27103,,106671,"Nicollet, MN "
27105,,107727,"Nobles, MN "
27107,,105078,"Norman, MN "
27109,,130490,"Olmsted, MN "
27111,,120975,"Otter Tail, MN "
27113,,106752,"Pennington, MN "
27115,,111726,"Pine, MN "
27117,,107467,"Pipestone, MN "
27119,,108207,"Polk, MN "
27121,,103855,"Pope, MN "
27123,,202185,"Ramsey, MN "
27125,,108835,"Red Lake, MN "
27127,,104903,"Redwood, MN "
27129,,107580,"Renville, MN "
27131,,119840,"Rice, MN "
27133,,106365,"Rock, MN "
27135,,106653,"Roseau, MN "
27137,,163965,"St. Louis, MN "
27139,,124865,"Scott, MN "
27141,,120850,"Sherburne, MN "
27143,,105254,"Sibley, MN "
27145,,133172,"Stearns, MN "
27147,,113335,"Steele, MN "
27149,,104062,"Stevens, MN "
27151,,104814,"Swift, MN "
27153,,106158,"Todd, MN "
27155,,107376,"Traverse, MN "
27157,,106512,"Wabasha, MN "
27159,,106197,"Wadena, MN "
27161,,108825,"Waseca, MN "
27163,,157513,"Washington, MN "
27165,,104899,"Watonwan, MN "
27167,,107921,"Wilkin, MN "
27169,,110418,"Winona, MN "
27171,,126512,"Wright, MN "
27173,,103831,"Yellow Medicine, MN "
28001,,113915,"Adams, MS "
28003,,111870,"Alcorn, MS "
28005,,108985,"Amite, MS "
28007,,109372,"Attala, MS "
28009,,107735,"Benton, MS "
28011,,111579,"Bolivar, MS "
28013,,109416,"Calhoun, MS "
28015,,110331,"Carroll, MS "
28017,,106712,"Chickasaw, MS "
28019,,107707,"Choctaw, MS "
28021,,108355,"Claiborne, MS "
28023,,109817,"Clarke, MS "
28025,,111250,"Clay, MS "
28027,,108540,"Coahoma, MS "
28029,,112713,"Copiah, MS "
28031,,109888,"Covington, MS "
28033,,135058,"DeSoto, MS "
28035,,116552,"Forrest, MS "
28037,,111042,"Franklin, MS "
28039,,114795,"George, MS "
28041,,109824,"Greene, MS "
28043,,112172,"Grenada, MS "
28045,,120576,"Hancock, MS "
28047,,153715,"Harrison, MS "
28049,,146343,"Hinds, MS "
28051,,108708,"Holmes, MS "
28053,,107714,"Humphreys, MS "
28055,,108044,"Issaquena, MS "
28057,,109528,"Itawamba, MS "
28059,,137469,"Jackson, MS "
28061,,109371,"Jasper, MS "
28063,,106164,"Jefferson, MS "
28065,,107189,"Jefferson Davis, MS "
28067,,117186,"Jones, MS "
28069,,108257,"Kemper, MS "
28071,,113004,"Lafayette, MS "
28073,,114031,"Lamar, MS "
28075,,120882,"Lauderdale, MS "
28077,,109160,"Lawrence, MS "
28079,,106924,"Leake, MS "
28081,,123762,"Lee, MS "
28083,,112837,"Leflore, MS "
28085,,114459,"Lincoln, MS "
28087,,119776,"Lowndes, MS "
28089,,123939,"Madison, MS "
28091,,111437,"Marion, MS "
28093,,114471,"Marshall, MS "
28095,,112133,"Monroe, MS "
28097,,108538,"Montgomery, MS "
28099,,109867,"Neshoba, MS "
28101,,109331,"Newton, MS "
28103,,107729,"Noxubee, MS "
28105,,113482,"Oktibbeha, MS "
28107,,115409,"Panola, MS "
28109,,120071,"Pearl River, MS "
28111,,110667,"Perry, MS "
28113,,115656,"Pike, MS "
28115,,112169,"Pontotoc, MS "
28117,,111680,"Prentiss, MS "
28119,,109205,"Quitman, MS "
28121,,133427,"Rankin, MS "
28123,,111366,"Scott, MS "
28125,,110396,"Sharkey, MS "
28127,,113224,"Simpson, MS "
28129,,108905,"Smith, MS "
28131,,109114,"Stone, MS "
28133,,115641,"Sunflower, MS "
28135,,109695,"Tallahatchie, MS "
28137,,109473,"Tate, MS "
28139,,113968,"Tippah, MS "
28141,,110337,"Tishomingo, MS "
28143,,107172,"Tunica, MS "
28145,,111020,"Union, MS "
28147,,107811,"Walthall, MS "
28149,,116125,"Warren, MS "
28151,,122937,"Washington, MS "
28153,,110394,"Wayne, MS "
28155,,106849,"Webster, MS "
28157,,107451,"Wilkinson, MS "
28159,,111087,"Winston, MS "
28161,,108432,"Yalobusha, MS "
28163,,106310,"Yazoo, MS "
29001,,108735,"Adair, MO "
29003,,107211,"Andrew, MO "
29005,,107653,"Atchison, MO "
29007,,111247,"Audrain, MO "
29009,,116751,"Barry, MO "
29011,,111409,"Barton, MO "
29013,,108044,"Bates, MO "
29015,,114501,"Benton, MO "
29017,,110369,"Bollinger, MO "
29019,,140391,"Boone, MO "
29021,,119959,"Buchanan, MO "
29023,,117144,"Butler, MO "
29025,,108966,"Caldwell, MO "
29027,,117434,"Callaway, MO "
29029,,120887,"Camden, MO "
29031,,122827,"Cape Girardeau, MO "
29033,,107309,"Carroll, MO "
29035,,109112,"Carter, MO "
29037,,124453,"Cass, MO "
29039,,110801,"Cedar, MO "
29041,,109318,"Chariton, MO "
29043,,122633,"Christian, MO "
29045,,108139,"Clark, MO "
29047,,147906,"Clay, MO "
29049,,110384,"Clinton, MO "
29051,,125630,"Cole, MO "
29053,,111801,"Cooper, MO "
29055,,116270,"Crawford, MO "
29057,,114454,"Dade, MO "
29059,,110331,"Dallas, MO "
29061,,107652,"Daviess, MO "
29063,,106733,"DeKalb, MO "
29065,,109040,"Dent, MO "
29067,,114005,"Douglas, MO "
29069,,113441,"Dunklin, MO "
29071,,132792,"Franklin, MO "
29073,,109737,"Gasconade, MO "
29075,,106660,"Gentry, MO "
29077,,169522,"Greene, MO "
29079,,105217,"Grundy, MO "
29081,,107498,"Harrison, MO "
29083,,110901,"Henry, MO "
29085,,109531,"Hickory, MO "
29087,,108447,"Holt, MO "
29089,,110590,"Howard, MO "
29091,,115438,"Howell, MO "
29093,,111775,"Iron, MO "
29095,,235187,"Jackson, MO "
29097,,133744,"Jasper, MO "
29099,,152638,"Jefferson, MO "
29101,,112140,"Johnson, MO "
29103,,107795,"Knox, MO "
29105,,118023,"Laclede, MO "
29107,,114999,"Lafayette, MO "
29109,,115855,"Lawrence, MO "
29111,,104917,"Lewis, MO "
29113,,117138,"Lincoln, MO "
29115,,110774,"Linn, MO "
29117,,107132,"Livingston, MO "
29119,,113069,"McDonald, MO "
29121,,111901,"Macon, MO "
29123,,107280,"Madison, MO "
29125,,107925,"Maries, MO "
29127,,111480,"Marion, MO "
29129,,107670,"Mercer, MO "
29131,,113013,"Miller, MO "
29133,,110292,"Mississippi, MO "
29135,,107779,"Moniteau, MO "
29137,,110643,"Monroe, MO "
29139,,114362,"Montgomery, MO "
29141,,112897,"Morgan, MO "
29143,,105546,"New Madrid, MO "
29145,,121599,"Newton, MO "
29147,,109180,"Nodaway, MO "
29149,,109425,"Oregon, MO "
29151,,111151,"Osage, MO "
29153,,112694,"Ozark, MO "
29155,,111725,"Pemiscot, MO "
29157,,111543,"Perry, MO "
29159,,115831,"Pettis, MO "
29161,,116209,"Phelps, MO "
29163,,112799,"Pike, MO "
29165,,124854,"Platte, MO "
29167,,117090,"Polk, MO "
29169,,112177,"Pulaski, MO "
29171,,107732,"Putnam, MO "
29173,,106199,"Ralls, MO "
29175,,112392,"Randolph, MO "
29177,,109402,"Ray, MO "
29179,,111831,"Reynolds, MO "
29181,,108302,"Ripley, MO "
29183,,182067,"St. Charles, MO "
29185,,111826,"St. Clair, MO "
29186,,110356,"Ste. Genevieve, MO "
29187,,119580,"St. Francois, MO "
29189,,310724,"St. Louis, MO "
29195,,111174,"Saline, MO "
29197,,106638,"Schuyler, MO "
29199,,106686,"Scotland, MO "
29201,,115412,"Scott, MO "
29203,,107993,"Shannon, MO "
29205,,112562,"Shelby, MO "
29207,,111524,"Stoddard, MO "
29209,,122192,"Stone, MO "
29211,,109623,"Sullivan, MO "
29213,,128566,"Taney, MO "
29215,,114220,"Texas, MO "
29217,,114101,"Vernon, MO "
29219,,120676,"Warren, MO "
29221,,116172,"Washington, MO "
29223,,108424,"Wayne, MO "
29225,,117428,"Webster, MO "
29227,,105887,"Worth, MO "
29229,,112457,"Wright, MO "
29510,,157671,"St. Louis City, MO "
30001,,106429,"Beaverhead, MT "
30003,,108094,"Big Horn, MT "
30005,,106234,"Blaine, MT "
30007,,106938,"Broadwater, MT "
30009,,109567,"Carbon, MT "
30011,,108057,"Carter, MT "
30013,,123565,"Cascade, MT "
30015,,108101,"Chouteau, MT "
30017,,106760,"Custer, MT "
30019,,107532,"Daniels, MT "
30021,,109330,"Dawson, MT "
30023,,108638,"Deer Lodge, MT "
30025,,102786,"Fallon, MT "
30027,,109526,"Fergus, MT "
30029,,133484,"Flathead, MT "
30031,,123002,"Gallatin, MT "
30033,,109358,"Garfield, MT "
30035,,106584,"Glacier, MT "
30037,,108762,"Golden Valley, MT "
30039,,107736,"Granite, MT "
30041,,108826,"Hill, MT "
30043,,109389,"Jefferson, MT "
30045,,106143,"Judith Basin, MT "
30047,,113077,"Lake, MT "
30049,,122753,"Lewis and Clark, MT "
30051,,103536,"Liberty, MT "
30053,,114182,"Lincoln, MT "
30055,,105377,"McCone, MT "
30057,,110657,"Madison, MT "
30059,,109415,"Meagher, MT "
30061,,103939,"Mineral, MT "
30063,,129935,"Missoula, MT "
30065,,108758,"Musselshell, MT "
30067,,108368,"Park, MT "
30069,,108037,"Petroleum, MT "
30071,,103745,"Phillips, MT "
30073,,108028,"Pondera, MT "
30075,,106093,"Powder River, MT "
30077,,107800,"Powell, MT "
30079,,104889,"Prairie, MT "
30081,,118112,"Ravalli, MT "
30083,,109352,"Richland, MT "
30085,,107056,"Roosevelt, MT "
30087,,107709,"Rosebud, MT "
30089,,111610,"Sanders, MT "
30091,,103027,"Sheridan, MT "
30093,,114727,"Silver Bow, MT "
30095,,110809,"Stillwater, MT "
30097,,107609,"Sweet Grass, MT "
30099,,109004,"Teton, MT "
30101,,105375,"Toole, MT "
30103,,109558,"Treasure, MT "
30105,,105514,"Valley, MT "
30107,,106171,"Wheatland, MT "
30109,,107589,"Wibaux, MT "
30111,,139811,"Yellowstone, MT "
31001,,109676,"Adams, NE "
31003,,110112,"Antelope, NE "
31005,,102007,"Arthur, NE "
31007,,104845,"Banner, NE "
31009,,109186,"Blaine, NE "
31011,,108805,"Boone, NE "
31013,,104689,"Box Butte, NE "
31015,,108152,"Boyd, NE "
31017,,106007,"Brown, NE "
31019,,116129,"Buffalo, NE "
31021,,110728,"Burt, NE "
31023,,109570,"Butler, NE "
31025,,109957,"Cass, NE "
31027,,108954,"Cedar, NE "
31029,,103533,"Chase, NE "
31031,,105673,"Cherry, NE "
31033,,107978,"Cheyenne, NE "
31035,,107872,"Clay, NE "
31037,,113268,"Colfax, NE "
31039,,109338,"Cuming, NE "
31041,,109649,"Custer, NE "
31043,,107105,"Dakota, NE "
31045,,106564,"Dawes, NE "
31047,,109186,"Dawson, NE "
31049,,109334,"Deuel, NE "
31051,,105827,"Dixon, NE "
31053,,114997,"Dodge, NE "
31055,,200616,"Douglas, NE "
31057,,107096,"Dundy, NE "
31059,,109043,"Fillmore, NE "
31061,,105342,"Franklin, NE "
31063,,105495,"Frontier, NE "
31065,,110345,"Furnas, NE "
31067,,109694,"Gage, NE "
31069,,105954,"Garden, NE "
31071,,109520,"Garfield, NE "
31073,,108769,"Gosper, NE "
31075,,104958,"Grant, NE "
31077,,105461,"Greeley, NE "
31079,,115599,"Hall, NE "
31081,,110166,"Hamilton, NE "
31083,,103481,"Harlan, NE "
31085,,104312,"Hayes, NE "
31087,,104890,"Hitchcock, NE "
31089,,107881,"Holt, NE "
31091,,103225,"Hooker, NE "
31093,,106707,"Howard, NE "
31095,,109431,"Jefferson, NE "
31097,,108046,"Johnson, NE "
31099,,109308,"Kearney, NE "
31101,,104900,"Keith, NE "
31103,,106127,"Keya Paha, NE "
31105,,106063,"Kimball, NE "
31107,,108308,"Knox, NE "
31109,,155679,"Lancaster, NE "
31111,,112549,"Lincoln, NE "
31113,,107307,"Logan, NE "
31115,,107360,"Loup, NE "
31117,,102967,"McPherson, NE "
31119,,114848,"Madison, NE "
31121,,108542,"Merrick, NE "
31123,,106122,"Morrill, NE "
31125,,105342,"Nance, NE "
31127,,108044,"Nemaha, NE "
31129,,107853,"Nuckolls, NE "
31131,,106684,"Otoe, NE "
31133,,107336,"Pawnee, NE "
31135,,105518,"Perkins, NE "
31137,,108981,"Phelps, NE "
31139,,109848,"Pierce, NE "
31141,,114238,"Platte, NE "
31143,,110666,"Polk, NE "
31145,,106010,"Red Willow, NE "
31147,,108947,"Richardson, NE "
31149,,110182,"Rock, NE "
31151,,107576,"Saline, NE "
31153,,130324,"Sarpy, NE "
31155,,109142,"Saunders, NE "
31157,,116569,"Scotts Bluff, NE "
31159,,109621,"Seward, NE "
31161,,106100,"Sheridan, NE "
31163,,109152,"Sherman, NE "
31165,,105523,"Sioux, NE "
31167,,107100,"Stanton, NE "
31169,,106662,"Thayer, NE "
31171,,104119,"Thomas, NE "
31173,,110059,"Thurston, NE "
31175,,107197,"Valley, NE "
31177,,110692,"Washington, NE "
31179,,109440,"Wayne, NE "
31181,,107947,"Webster, NE "
31183,,109910,"Wheeler, NE "
31185,,109020,"York, NE "
32001,,115882,"Churchill, NV "
32003,,502612,"Clark, NV "
32005,,124303,"Douglas, NV "
32007,,116539,"Elko, NV "
32009,,106137,"Esmeralda, NV "
32011,,107045,"Eureka, NV "
32013,,110878,"Humboldt, NV "
32015,,109106,"Lander, NV "
32017,,108994,"Lincoln, NV "
32019,,127968,"Lyon, NV "
32021,,108857,"Mineral, NV "
32023,,132475,"Nye, NV "
32027,,107227,"Pershing, NV "
32029,,115245,"Storey, NV "
32031,,209933,"Washoe, NV "
32033,,108498,"White Pine, NV "
32510,,126750,"Carson City, NV "
33001,,125190,"Belknap, NH "
33003,,123631,"Carroll, NH "
33005,,125018,"Cheshire, NH "
33007,,112666,"Coos, NH "
33009,,129333,"Grafton, NH "
33011,,185730,"Hillsborough, NH "
33013,,139403,"Merrimack, NH "
33015,,174883,"Rockingham, NH "
33017,,132332,"Strafford, NH "
33019,,113707,"Sullivan, NH "
34001,,171812,"Atlantic, NJ "
34003,,277837,"Bergen, NJ "
34005,,206826,"Burlington, NJ "
34007,,208712,"Camden, NJ "
34009,,140604,"Cape May, NJ "
34011,,137891,"Cumberland, NJ "
34013,,235042,"Essex, NJ "
34015,,171129,"Gloucester, NJ "
34017,,188835,"Hudson, NJ "
34019,,137945,"Hunterdon, NJ "
34021,,188595,"Mercer, NJ "
34023,,250511,"Middlesex, NJ "
34025,,240951,"Monmouth, NJ "
34027,,204051,"Morris, NJ "
34029,,277259,"Ocean, NJ "
34031,,189533,"Passaic, NJ "
34033,,120927,"Salem, NJ "
34035,,172493,"Somerset, NJ "
34037,,135856,"Sussex, NJ "
34039,,199345,"Union, NJ "
34041,,128858,"Warren, NJ "
35001,,235074,"Bernalillo, NM "
35003,,108120,"Catron, NM "
35005,,118008,"Chaves, NM "
35006,,111346,"Cibola, NM "
35007,,109406,"Colfax, NM "
35009,,113179,"Curry, NM "
35011,,108468,"DeBaca, NM "
35013,,154327,"Dona Ana, NM "
35015,,111421,"Eddy, NM "
35017,,112960,"Grant, NM "
35019,,104264,"Guadalupe, NM "
35021,,104196,"Harding, NM "
35023,,107490,"Hidalgo, NM "
35025,,115232,"Lea, NM "
35027,,109003,"Lincoln, NM "
35028,,109846,"Los Alamos, NM "
35029,,111612,"Luna, NM "
35031,,113362,"McKinley, NM "
35033,,107948,"Mora, NM "
35035,,119037,"Otero, NM "
35037,,111106,"Quay, NM "
35039,,112702,"Rio Arriba, NM "
35041,,110223,"Roosevelt, NM "
35043,,140626,"Sandoval, NM "
35045,,127420,"San Juan, NM "
35047,,117451,"San Miguel, NM "
35049,,147451,"Santa Fe, NM "
35051,,112292,"Sierra, NM "
35053,,108768,"Socorro, NM "
35055,,122748,"Taos, NM "
35057,,111967,"Torrance, NM "
35059,,108341,"Union, NM "
35061,,123941,"Valencia, NM "
36001,,162252,"Albany, NY "
36003,,111156,"Allegany, NY "
36005,,326070,"Bronx, NY "
36007,,147150,"Broome, NY "
36009,,119937,"Cattaraugus, NY "
36011,,114928,"Cayuga, NY "
36013,,133272,"Chautauqua, NY "
36015,,118261,"Chemung, NY "
36017,,113009,"Chenango, NY "
36019,,118201,"Clinton, NY "
36021,,115504,"Columbia, NY "
36023,,108485,"Cortland, NY "
36025,,115433,"Delaware, NY "
36027,,163327,"Dutchess, NY "
36029,,303867,"Erie, NY "
36031,,109077,"Essex, NY "
36033,,114678,"Franklin, NY "
36035,,117092,"Fulton, NY "
36037,,117099,"Genesee, NY "
36039,,110666,"Greene, NY "
36041,,105051,"Hamilton, NY "
36043,,113025,"Herkimer, NY "
36045,,123654,"Jefferson, NY "
36047,,487803,"Kings, NY "
36049,,111088,"Lewis, NY "
36051,,116266,"Livingston, NY "
36053,,116743,"Madison, NY "
36055,,271137,"Monroe, NY "
36057,,116487,"Montgomery, NY "
36059,,362703,"Nassau, NY "
36061,,382424,"New York, NY "
36063,,148522,"Niagara, NY "
36065,,147441,"Oneida, NY "
36067,,190583,"Onondaga, NY "
36069,,131860,"Ontario, NY "
36071,,167205,"Orange, NY "
36073,,113370,"Orleans, NY "
36075,,122840,"Oswego, NY "
36077,,120057,"Otsego, NY "
36079,,123129,"Putnam, NY "
36081,,479401,"Queens, NY "
36083,,133079,"Rensselaer, NY "
36085,,192260,"Richmond, NY "
36087,,155700,"Rockland, NY "
36089,,124936,"St. Lawrence, NY "
36091,,152339,"Saratoga, NY "
36093,,132992,"Schenectady, NY "
36095,,105052,"Schoharie, NY "
36097,,108636,"Schuyler, NY "
36099,,107550,"Seneca, NY "
36101,,121838,"Steuben, NY "
36103,,393787,"Suffolk, NY "
36105,,119522,"Sullivan, NY "
36107,,110997,"Tioga, NY "
36109,,113330,"Tompkins, NY "
36111,,142612,"Ulster, NY "
36113,,113291,"Warren, NY "
36115,,115349,"Washington, NY "
36117,,123331,"Wayne, NY "
36119,,286280,"Westchester, NY "
36121,,112000,"Wyoming, NY "
36123,,106679,"Yates, NY "
37001,,142595,"Alamance, NC "
37003,,119359,"Alexander, NC "
37005,,117489,"Alleghany, NC "
37007,,118438,"Anson, NC "
37009,,118752,"Ashe, NC "
37011,,119259,"Avery, NC "
37013,,120732,"Beaufort, NC "
37015,,114124,"Bertie, NC "
37017,,117374,"Bladen, NC "
37019,,168322,"Brunswick, NC "
37021,,179902,"Buncombe, NC "
37023,,132134,"Burke, NC "
37025,,147417,"Cabarrus, NC "
37027,,131413,"Caldwell, NC "
37029,,107836,"Camden, NC "
37031,,123950,"Carteret, NC "
37033,,120560,"Caswell, NC "
37035,,144757,"Catawba, NC "
37037,,133232,"Chatham, NC "
37039,,121175,"Cherokee, NC "
37041,,110961,"Chowan, NC "
37043,,114814,"Clay, NC "
37045,,131635,"Cleveland, NC "
37047,,120866,"Columbus, NC "
37049,,132334,"Craven, NC "
37051,,164162,"Cumberland, NC "
37053,,114076,"Currituck, NC "
37055,,116807,"Dare, NC "
37057,,152831,"Davidson, NC "
37059,,125379,"Davie, NC "
37061,,116067,"Duplin, NC "
37063,,162338,"Durham, NC "
37065,,117698,"Edgecombe, NC "
37067,,190327,"Forsyth, NC "
37069,,123662,"Franklin, NC "
37071,,160684,"Gaston, NC "
37073,,110905,"Gates, NC "
37075,,112498,"Graham, NC "
37077,,121075,"Granville, NC "
37079,,112707,"Greene, NC "
37081,,217076,"Guilford, NC "
37083,,117539,"Halifax, NC "
37085,,131624,"Harnett, NC "
37087,,130970,"Haywood, NC "
37089,,149172,"Henderson, NC "
37091,,112557,"Hertford, NC "
37093,,115935,"Hoke, NC "
37095,,112308,"Hyde, NC "
37097,,146850,"Iredell, NC "
37099,,118305,"Jackson, NC "
37101,,144368,"Johnston, NC "
37103,,113109,"Jones, NC "
37105,,127690,"Lee, NC "
37107,,125897,"Lenoir, NC "
37109,,132374,"Lincoln, NC "
37111,,123335,"McDowell, NC "
37113,,125560,"Macon, NC "
37115,,118284,"Madison, NC "
37117,,112578,"Martin, NC "
37119,,271950,"Mecklenburg, NC "
37121,,118382,"Mitchell, NC "
37123,,116371,"Montgomery, NC "
37125,,136639,"Moore, NC "
37127,,131211,"Nash, NC "
37129,,159528,"New Hanover, NC "
37131,,114528,"Northampton, NC "
37133,,139293,"Onslow, NC "
37135,,136923,"Orange, NC "
37137,,110767,"Pamlico, NC "
37139,,113314,"Pasquotank, NC "
37141,,121318,"Pender, NC "
37143,,112486,"Perquimans, NC "
37145,,121468,"Person, NC "
37147,,142596,"Pitt, NC "
37149,,117424,"Polk, NC "
37151,,143326,"Randolph, NC "
37153,,120896,"Richmond, NC "
37155,,134890,"Robeson, NC "
37157,,135488,"Rockingham, NC "
37159,,140962,"Rowan, NC "
37161,,131506,"Rutherford, NC "
37163,,122707,"Sampson, NC "
37165,,117666,"Scotland, NC "
37167,,122882,"Stanly, NC "
37169,,122278,"Stokes, NC "
37171,,127171,"Surry, NC "
37173,,117594,"Swain, NC "
37175,,125823,"Transylvania, NC "
37177,,110014,"Tyrrell, NC "
37179,,150971,"Union, NC "
37181,,118672,"Vance, NC "
37183,,279685,"Wake, NC "
37185,,112298,"Warren, NC "
37187,,113469,"Washington, NC "
37189,,115914,"Watauga, NC "
37191,,134043,"Wayne, NC "
37193,,131738,"Wilkes, NC "
37195,,124950,"Wilson, NC "
37197,,121838,"Yadkin, NC "
37199,,118773,"Yancey, NC "
38001,,106467,"Adams, ND "
38003,,109219,"Barnes, ND "
38005,,104019,"Benson, ND "
38007,,106382,"Billings, ND "
38009,,104385,"Bottineau, ND "
38011,,105807,"Bowman, ND "
38013,,103189,"Burke, ND "
38015,,123497,"Burleigh, ND "
38017,,135044,"Cass, ND "
38019,,107621,"Cavalier, ND "
38021,,106625,"Dickey, ND "
38023,,102244,"Divide, ND "
38025,,102790,"Dunn, ND "
38027,,107901,"Eddy, ND "
38029,,104423,"Emmons, ND "
38031,,106455,"Foster, ND "
38033,,104535,"Golden Valley, ND "
38035,,114027,"Grand Forks, ND "
38037,,106539,"Grant, ND "
38039,,105947,"Griggs, ND "
38041,,112358,"Hettinger, ND "
38043,,109888,"Kidder, ND "
38045,,107671,"LaMoure, ND "
38047,,107666,"Logan, ND "
38049,,106470,"McHenry, ND "
38051,,103979,"McIntosh, ND "
38053,,105606,"McKenzie, ND "
38055,,104640,"McLean, ND "
38057,,106666,"Mercer, ND "
38059,,113612,"Morton, ND "
38061,,107337,"Mountrail, ND "
38063,,111107,"Nelson, ND "
38065,,106636,"Oliver, ND "
38067,,105275,"Pembina, ND "
38069,,104439,"Pierce, ND "
38071,,105868,"Ramsey, ND "
38073,,107895,"Ransom, ND "
38075,,108351,"Renville, ND "
38077,,109732,"Richland, ND "
38079,,108390,"Rolette, ND "
38081,,106748,"Sargent, ND "
38083,,103671,"Sheridan, ND "
38085,,105608,"Sioux, ND "
38087,,100819,"Slope, ND "
38089,,112715,"Stark, ND "
38091,,107768,"Steele, ND "
38093,,111981,"Stutsman, ND "
38095,,105141,"Towner, ND "
38097,,107101,"Traill, ND "
38099,,107524,"Walsh, ND "
38101,,110341,"Ward, ND "
38103,,107415,"Wells, ND "
38105,,110394,"Williams, ND "
39001,,116426,"Adams, OH "
39003,,132887,"Allen, OH "
39005,,118997,"Ashland, OH "
39007,,132212,"Ashtabula, OH "
39009,,115390,"Athens, OH "
39011,,122165,"Auglaize, OH "
39013,,122554,"Belmont, OH "
39015,,120046,"Brown, OH "
39017,,182008,"Butler, OH "
39019,,116822,"Carroll, OH "
39021,,119879,"Champaign, OH "
39023,,141138,"Clark, OH "
39025,,154106,"Clermont, OH "
39027,,121648,"Clinton, OH "
39029,,138513,"Columbiana, OH "
39031,,113968,"Coshocton, OH "
39033,,120036,"Crawford, OH "
39035,,375862,"Cuyahoga, OH "
39037,,122349,"Darke, OH "
39039,,119128,"Defiance, OH "
39041,,152109,"Delaware, OH "
39043,,126764,"Erie, OH "
39045,,141556,"Fairfield, OH "
39047,,112282,"Fayette, OH "
39049,,311708,"Franklin, OH "
39051,,121886,"Fulton, OH "
39053,,117488,"Gallia, OH "
39055,,133193,"Geauga, OH "
39057,,139792,"Greene, OH "
39059,,119085,"Guernsey, OH "
39061,,266421,"Hamilton, OH "
39063,,127756,"Hancock, OH "
39065,,118796,"Hardin, OH "
39067,,114635,"Harrison, OH "
39069,,121574,"Henry, OH "
39071,,118406,"Highland, OH "
39073,,113339,"Hocking, OH "
39075,,119060,"Holmes, OH "
39077,,124659,"Huron, OH "
39079,,114567,"Jackson, OH "
39081,,124804,"Jefferson, OH "
39083,,123869,"Knox, OH "
39085,,169568,"Lake, OH "
39087,,119103,"Lawrence, OH "
39089,,144911,"Licking, OH "
39091,,121855,"Logan, OH "
39093,,181810,"Lorain, OH "
39095,,202909,"Lucas, OH "
39097,,119071,"Madison, OH "
39099,,167201,"Mahoning, OH "
39101,,121313,"Marion, OH "
39103,,148786,"Medina, OH "
39105,,114582,"Meigs, OH "
39107,,119157,"Mercer, OH "
39109,,134027,"Miami, OH "
39111,,111684,"Monroe, OH "
39113,,223951,"Montgomery, OH "
39115,,109798,"Morgan, OH "
39117,,114890,"Morrow, OH "
39119,,128853,"Muskingum, OH "
39121,,111089,"Noble, OH "
39123,,124711,"Ottawa, OH "
39125,,116347,"Paulding, OH "
39127,,115485,"Perry, OH "
39129,,121733,"Pickaway, OH "
39131,,114431,"Pike, OH "
39133,,147514,"Portage, OH "
39135,,123549,"Preble, OH "
39137,,115771,"Putnam, OH "
39139,,135136,"Richland, OH "
39141,,121429,"Ross, OH "
39143,,124283,"Sandusky, OH "
39145,,120664,"Scioto, OH "
39147,,121055,"Seneca, OH "
39149,,120078,"Shelby, OH "
39151,,201478,"Stark, OH "
39153,,230270,"Summit, OH "
39155,,162753,"Trumbull, OH "
39157,,127855,"Tuscarawas, OH "
39159,,121098,"Union, OH "
39161,,119803,"Van Wert, OH "
39163,,112018,"Vinton, OH "
39165,,157534,"Warren, OH "
39167,,122163,"Washington, OH "
39169,,128443,"Wayne, OH "
39171,,118092,"Williams, OH "
39173,,137299,"Wood, OH "
39175,,114895,"Wyandot, OH "
40001,,113067,"Adair, OK "
40003,,109494,"Alfalfa, OK "
40005,,111668,"Atoka, OK "
40007,,105778,"Beaver, OK "
40009,,106873,"Beckham, OK "
40011,,107683,"Blaine, OK "
40013,,115316,"Bryan, OK "
40015,,112067,"Caddo, OK "
40017,,129818,"Canadian, OK "
40019,,116731,"Carter, OK "
40021,,115632,"Cherokee, OK "
40023,,107358,"Choctaw, OK "
40025,,105710,"Cimarron, OK "
40027,,151618,"Cleveland, OK "
40029,,110460,"Coal, OK "
40031,,119753,"Comanche, OK "
40033,,108330,"Cotton, OK "
40035,,109451,"Craig, OK "
40037,,123605,"Creek, OK "
40039,,110964,"Custer, OK "
40041,,118412,"Delaware, OK "
40043,,109259,"Dewey, OK "
40045,,108279,"Ellis, OK "
40047,,120456,"Garfield, OK "
40049,,115512,"Garvin, OK "
40051,,117584,"Grady, OK "
40053,,111861,"Grant, OK "
40055,,109017,"Greer, OK "
40057,,106944,"Harmon, OK "
40059,,104363,"Harper, OK "
40061,,108096,"Haskell, OK "
40063,,113850,"Hughes, OK "
40065,,110062,"Jackson, OK "
40067,,107273,"Jefferson, OK "
40069,,109210,"Johnston, OK "
40071,,117754,"Kay, OK "
40073,,109583,"Kingfisher, OK "
40075,,109975,"Kiowa, OK "
40077,,110905,"Latimer, OK "
40079,,117477,"Le Flore, OK "
40081,,112782,"Lincoln, OK "
40083,,113630,"Logan, OK "
40085,,111053,"Love, OK "
40087,,111903,"McClain, OK "
40089,,111616,"McCurtain, OK "
40091,,112160,"McIntosh, OK "
40093,,109632,"Major, OK "
40095,,110962,"Marshall, OK "
40097,,114877,"Mayes, OK "
40099,,110660,"Murray, OK "
40101,,122909,"Muskogee, OK "
40103,,108062,"Noble, OK "
40105,,106086,"Nowata, OK "
40107,,109036,"Okfuskee, OK "
40109,,232991,"Oklahoma, OK "
40111,,115715,"Okmulgee, OK "
40113,,115470,"Osage, OK "
40115,,115301,"Ottawa, OK "
40117,,110688,"Pawnee, OK "
40119,,116527,"Payne, OK "
40121,,119832,"Pittsburg, OK "
40123,,114152,"Pontotoc, OK "
40125,,121365,"Pottawatomie, OK "
40127,,108069,"Pushmataha, OK "
40129,,112892,"Roger Mills, OK "
40131,,125874,"Rogers, OK "
40133,,114398,"Seminole, OK "
40135,,116965,"Sequoyah, OK "
40137,,114088,"Stephens, OK "
40139,,108776,"Texas, OK "
40141,,105907,"Tillman, OK "
40143,,223959,"Tulsa, OK "
40145,,120746,"Wagoner, OK "
40147,,118652,"Washington, OK "
40149,,104802,"Washita, OK "
40151,,108675,"Woods, OK "
40153,,108391,"Woodward, OK "
41001,,112924,"Baker, OR "
41003,,122279,"Benton, OR "
41005,,199097,"Clackamas, OR "
41007,,116515,"Clatsop, OR "
41009,,115690,"Columbia, OR "
41011,,128098,"Coos, OR "
41013,,111938,"Crook, OR "
41015,,115352,"Curry, OR "
41017,,160147,"Deschutes, OR "
41019,,140741,"Douglas, OR "
41021,,102409,"Gilliam, OR "
41023,,107419,"Grant, OR "
41025,,110702,"Harney, OR "
41027,,108263,"Hood River, OR "
41029,,163523,"Jackson, OR "
41031,,113225,"Jefferson, OR "
41033,,132268,"Josephine, OR "
41035,,124596,"Klamath, OR "
41037,,108260,"Lake, OR "
41039,,198730,"Lane, OR "
41041,,123407,"Lincoln, OR "
41043,,142938,"Linn, OR "
41045,,112034,"Malheur, OR "
41047,,172194,"Marion, OR "
41049,,104284,"Morrow, OR "
41051,,238388,"Multnomah, OR "
41053,,126501,"Polk, OR "
41055,,107664,"Sherman, OR "
41057,,115866,"Tillamook, OR "
41059,,124578,"Umatilla, OR "
41061,,109602,"Union, OR "
41063,,105673,"Wallowa, OR "
41065,,108694,"Wasco, OR "
41067,,206489,"Washington, OR "
41069,,106372,"Wheeler, OR "
41071,,130820,"Yamhill, OR "
42001,,128923,"Adams, PA "
42003,,372973,"Allegheny, PA "
42005,,125829,"Armstrong, PA "
42007,,149560,"Beaver, PA "
42009,,119339,"Bedford, PA "
42011,,194416,"Berks, PA "
42013,,139964,"Blair, PA "
42015,,121409,"Bradford, PA "
42017,,253917,"Bucks, PA "
42019,,155400,"Butler, PA "
42021,,147501,"Cambria, PA "
42023,,113202,"Cameron, PA "
42025,,122837,"Carbon, PA "
42027,,133663,"Centre, PA "
42029,,211865,"Chester, PA "
42031,,119876,"Clarion, PA "
42033,,133132,"Clearfield, PA "
42035,,116478,"Clinton, PA "
42037,,123483,"Columbia, PA "
42039,,127587,"Crawford, PA "
42041,,168390,"Cumberland, PA "
42043,,169403,"Dauphin, PA "
42045,,215621,"Delaware, PA "
42047,,117993,"Elk, PA "
42049,,169114,"Erie, PA "
42051,,143168,"Fayette, PA "
42053,,114839,"Forest, PA "
42055,,142669,"Franklin, PA "
42057,,110331,"Fulton, PA "
42059,,116474,"Greene, PA "
42061,,121538,"Huntingdon, PA "
42063,,125568,"Indiana, PA "
42065,,121189,"Jefferson, PA "
42067,,117676,"Juniata, PA "
42069,,162066,"Lackawanna, PA "
42071,,224727,"Lancaster, PA "
42073,,128385,"Lawrence, PA "
42075,,143317,"Lebanon, PA "
42077,,187732,"Lehigh, PA "
42079,,177868,"Luzerne, PA "
42081,,133508,"Lycoming, PA "
42083,,119476,"McKean, PA "
42085,,137574,"Mercer, PA "
42087,,120129,"Mifflin, PA "
42089,,143960,"Monroe, PA "
42091,,279984,"Montgomery, PA "
42093,,114398,"Montour, PA "
42095,,179686,"Northampton, PA "
42097,,130332,"Northumberland, PA "
42099,,120202,"Perry, PA "
42101,,359972,"Philadelphia, PA "
42103,,121055,"Pike, PA "
42105,,113005,"Potter, PA "
42107,,145136,"Schuylkill, PA "
42109,,118125,"Snyder, PA "
42111,,127368,"Somerset, PA "
42113,,112899,"Sullivan, PA "
42115,,116028,"Susquehanna, PA "
42117,,114851,"Tioga, PA "
42119,,119065,"Union, PA "
42121,,124026,"Venango, PA "
42123,,119295,"Warren, PA "
42125,,159845,"Washington, PA "
42127,,122027,"Wayne, PA "
42129,,205197,"Westmoreland, PA "
42131,,116846,"Wyoming, PA "
42133,,205316,"York, PA "
44001,,114297,"Bristol, RI "
44003,,141859,"Kent, RI "
44005,,122735,"Newport, RI "
44007,,226029,"Providence, RI "
44009,,135037,"Washington, RI "
45001,,114050,"Abbeville, SC "
45003,,151422,"Aiken, SC "
45005,,111626,"Allendale, SC "
45007,,154775,"Anderson, SC "
45009,,113564,"Bamberg, SC "
45011,,114236,"Barnwell, SC "
45013,,175529,"Beaufort, SC "
45015,,149832,"Berkeley, SC "
45017,,112477,"Calhoun, SC "
45019,,186773,"Charleston, SC "
45021,,118346,"Cherokee, SC "
45023,,111898,"Chester, SC "
45025,,119316,"Chesterfield, SC "
45027,,118326,"Clarendon, SC "
45029,,119024,"Colleton, SC "
45031,,125218,"Darlington, SC "
45033,,114528,"Dillon, SC "
45035,,139877,"Dorchester, SC "
45037,,117783,"Edgefield, SC "
45039,,111061,"Fairfield, SC "
45041,,135105,"Florence, SC "
45043,,123669,"Georgetown, SC "
45045,,217467,"Greenville, SC "
45047,,121473,"Greenwood, SC "
45049,,113913,"Hampton, SC "
45051,,238284,"Horry, SC "
45053,,117393,"Jasper, SC "
45055,,123506,"Kershaw, SC "
45057,,135140,"Lancaster, SC "
45059,,123167,"Laurens, SC "
45061,,111299,"Lee, SC "
45063,,168006,"Lexington, SC "
45065,,111447,"McCormick, SC "
45067,,114231,"Marion, SC "
45069,,114164,"Marlboro, SC "
45071,,117638,"Newberry, SC "
45073,,132482,"Oconee, SC "
45075,,127476,"Orangeburg, SC "
45077,,133497,"Pickens, SC "
45079,,180288,"Richland, SC "
45081,,112324,"Saluda, SC "
45083,,179504,"Spartanburg, SC "
45085,,131084,"Sumter, SC "
45087,,119815,"Union, SC "
45089,,118518,"Williamsburg, SC "
45091,,161496,"York, SC "
46003,,107704,"Aurora, SD "
46005,,113549,"Beadle, SD "
46007,,107880,"Bennett, SD "
46009,,109101,"Bon Homme, SD "
46011,,115172,"Brookings, SD "
46013,,113931,"Brown, SD "
46015,,102979,"Brule, SD "
46017,,105237,"Buffalo, SD "
46019,,105940,"Butte, SD "
46021,,109600,"Campbell, SD "
46023,,111115,"Charles Mix, SD "
46025,,108273,"Clark, SD "
46027,,111584,"Clay, SD "
46029,,112459,"Codington, SD "
46031,,108240,"Corson, SD "
46033,,106937,"Custer, SD "
46035,,113692,"Davison, SD "
46037,,110312,"Day, SD "
46039,,105716,"Deuel, SD "
46041,,102613,"Dewey, SD "
46043,,108650,"Douglas, SD "
46045,,103671,"Edmunds, SD "
46047,,109294,"Fall River, SD "
46049,,105865,"Faulk, SD "
46051,,105372,"Grant, SD "
46053,,108147,"Gregory, SD "
46055,,108121,"Haakon, SD "
46057,,104561,"Hamlin, SD "
46059,,108402,"Hand, SD "
46061,,108918,"Hanson, SD "
46063,,109729,"Harding, SD "
46065,,107302,"Hughes, SD "
46067,,107748,"Hutchinson, SD "
46069,,107633,"Hyde, SD "
46071,,106675,"Jackson, SD "
46073,,106179,"Jerauld, SD "
46075,,104637,"Jones, SD "
46077,,110428,"Kingsbury, SD "
46079,,105942,"Lake, SD "
46081,,111988,"Lawrence, SD "
46083,,117529,"Lincoln, SD "
46085,,106123,"Lyman, SD "
46087,,107563,"McCook, SD "
46089,,101899,"McPherson, SD "
46091,,112629,"Marshall, SD "
46093,,109946,"Meade, SD "
46095,,108316,"Mellette, SD "
46097,,109843,"Miner, SD "
46099,,150546,"Minnehaha, SD "
46101,,108825,"Moody, SD "
46103,,141277,"Pennington, SD "
46105,,105298,"Perkins, SD "
46107,,107860,"Potter, SD "
46109,,106744,"Roberts, SD "
46111,,110683,"Sanborn, SD "
46113,,107733,"Shannon, SD "
46115,,107022,"Spink, SD "
46117,,103436,"Stanley, SD "
46119,,105522,"Sully, SD "
46121,,106536,"Todd, SD "
46123,,106718,"Tripp, SD "
46125,,107082,"Turner, SD "
46127,,108410,"Union, SD "
46129,,108627,"Walworth, SD "
46135,,112640,"Yankton, SD "
46137,,108085,"Ziebach, SD "
47001,,122990,"Anderson, TN "
47003,,112163,"Bedford, TN "
47005,,112777,"Benton, TN "
47007,,108325,"Bledsoe, TN "
47009,,137410,"Blount, TN "
47011,,132923,"Bradley, TN "
47013,,117611,"Campbell, TN "
47015,,107830,"Cannon, TN "
47017,,116193,"Carroll, TN "
47019,,118291,"Carter, TN "
47021,,119012,"Cheatham, TN "
47023,,114675,"Chester, TN "
47025,,114019,"Claiborne, TN "
47027,,111258,"Clay, TN "
47029,,115935,"Cocke, TN "
47031,,117214,"Coffee, TN "
47033,,108805,"Crockett, TN "
47035,,129575,"Cumberland, TN "
47037,,208117,"Davidson, TN "
47039,,111523,"Decatur, TN "
47041,,111722,"DeKalb, TN "
47043,,116939,"Dickson, TN "
47045,,113569,"Dyer, TN "
47047,,114576,"Fayette, TN "
47049,,114444,"Fentress, TN "
47051,,114595,"Franklin, TN "
47053,,117165,"Gibson, TN "
47055,,111943,"Giles, TN "
47057,,116729,"Grainger, TN "
47059,,124761,"Greene, TN "
47061,,111126,"Grundy, TN "
47063,,121045,"Hamblen, TN "
47065,,185365,"Hamilton, TN "
47067,,109702,"Hancock, TN "
47069,,113339,"Hardeman, TN "
47071,,116292,"Hardin, TN "
47073,,122991,"Hawkins, TN "
47075,,108986,"Haywood, TN "
47077,,112764,"Henderson, TN "
47079,,112567,"Henry, TN "
47081,,111115,"Hickman, TN "
47083,,106465,"Houston, TN "
47085,,111237,"Humphreys, TN "
47087,,111300,"Jackson, TN "
47089,,121162,"Jefferson, TN "
47091,,113382,"Johnson, TN "
47093,,199644,"Knox, TN "
47095,,112008,"Lake, TN "
47097,,111146,"Lauderdale, TN "
47099,,114244,"Lawrence, TN "
47101,,108534,"Lewis, TN "
47103,,117950,"Lincoln, TN "
47105,,124386,"Loudon, TN "
47107,,118267,"McMinn, TN "
47109,,115768,"McNairy, TN "
47111,,112097,"Macon, TN "
47113,,124230,"Madison, TN "
47115,,109964,"Marion, TN "
47117,,114301,"Marshall, TN "
47119,,129600,"Maury, TN "
47121,,111399,"Meigs, TN "
47123,,117895,"Monroe, TN "
47125,,137376,"Montgomery, TN "
47127,,106315,"Moore, TN "
47129,,114607,"Morgan, TN "
47131,,113058,"Obion, TN "
47133,,113153,"Overton, TN "
47135,,111090,"Perry, TN "
47137,,109582,"Pickett, TN "
47139,,111976,"Polk, TN "
47141,,122602,"Putnam, TN "
47143,,116059,"Rhea, TN "
47145,,120600,"Roane, TN "
47147,,122152,"Robertson, TN "
47149,,155118,"Rutherford, TN "
47151,,113441,"Scott, TN "
47153,,114299,"Sequatchie, TN "
47155,,132541,"Sevier, TN "
47157,,256962,"Shelby, TN "
47159,,114013,"Smith, TN "
47161,,113221,"Stewart, TN "
47163,,153911,"Sullivan, TN "
47165,,145472,"Sumner, TN "
47167,,114577,"Tipton, TN "
47169,,112508,"Trousdale, TN "
47171,,113822,"Unicoi, TN "
47173,,111875,"Union, TN "
47175,,112051,"Van Buren, TN "
47177,,116311,"Warren, TN "
47179,,135541,"Washington, TN "
47181,,112118,"Wayne, TN "
47183,,116984,"Weakley, TN "
47185,,114547,"White, TN "
47187,,151038,"Williamson, TN "
47189,,134439,"Wilson, TN "
48001,,120072,"Anderson, TX "
48003,,109481,"Andrews, TX "
48005,,132268,"Angelina, TX "
48007,,121194,"Aransas, TX "
48009,,113108,"Archer, TX "
48011,,114139,"Armstrong, TX "
48013,,123637,"Atascosa, TX "
48015,,122263,"Austin, TX "
48017,,115994,"Bailey, TX "
48019,,121151,"Bandera, TX "
48021,,134979,"Bastrop, TX "
48023,,112958,"Baylor, TX "
48025,,115297,"Bee, TX "
48027,,169372,"Bell, TX "
48029,,404708,"Bexar, TX "
48031,,118802,"Blanco, TX "
48033,,112382,"Borden, TX "
48035,,117859,"Bosque, TX "
48037,,135875,"Bowie, TX "
48039,,176336,"Brazoria, TX "
48041,,142534,"Brazos, TX "
48043,,113956,"Brewster, TX "
48045,,109937,"Briscoe, TX "
48047,,114710,"Brooks, TX "
48049,,117704,"Brown, TX "
48051,,112176,"Burleson, TX "
48053,,125738,"Burnet, TX "
48055,,124438,"Caldwell, TX "
48057,,113016,"Calhoun, TX "
48059,,113827,"Callahan, TX "
48061,,189383,"Cameron, TX "
48063,,112936,"Camp, TX "
48065,,112371,"Carson, TX "
48067,,114611,"Cass, TX "
48069,,110944,"Castro, TX "
48071,,119795,"Chambers, TX "
48073,,121151,"Cherokee, TX "
48075,,110228,"Childress, TX "
48077,,115511,"Clay, TX "
48079,,114590,"Cochran, TX "
48081,,110206,"Coke, TX "
48083,,113760,"Coleman, TX "
48085,,260670,"Collin, TX "
48087,,111605,"Collingsworth, TX "
48089,,121227,"Colorado, TX "
48091,,156595,"Comal, TX "
48093,,111817,"Comanche, TX "
48095,,116989,"Concho, TX "
48097,,122388,"Cooke, TX "
48099,,123379,"Coryell, TX "
48101,,111580,"Cottle, TX "
48103,,111956,"Crane, TX "
48105,,112109,"Crockett, TX "
48107,,111278,"Crosby, TX "
48109,,107604,"Culberson, TX "
48111,,110628,"Dallam, TX "
48113,,444881,"Dallas, TX "
48115,,116930,"Dawson, TX "
48117,,117004,"Deaf Smith, TX "
48119,,116456,"Delta, TX "
48121,,241889,"Denton, TX "
48123,,115974,"DeWitt, TX "
48125,,110870,"Dickens, TX "
48127,,114767,"Dimmit, TX "
48129,,111544,"Donley, TX "
48131,,116270,"Duval, TX "
48133,,118205,"Eastland, TX "
48135,,131463,"Ector, TX "
48137,,111855,"Edwards, TX "
48139,,148223,"Ellis, TX "
48141,,250252,"El Paso, TX "
48143,,118176,"Erath, TX "
48145,,114852,"Falls, TX "
48147,,120447,"Fannin, TX "
48149,,118579,"Fayette, TX "
48151,,109915,"Fisher, TX "
48153,,112824,"Floyd, TX "
48155,,112206,"Foard, TX "
48157,,239130,"Fort Bend, TX "
48159,,115327,"Franklin, TX "
48161,,114693,"Freestone, TX "
48163,,113125,"Frio, TX "
48165,,109559,"Gaines, TX "
48167,,183772,"Galveston, TX "
48169,,114137,"Garza, TX "
48171,,117215,"Gillespie, TX "
48173,,111383,"Glasscock, TX "
48175,,116215,"Goliad, TX "
48177,,117404,"Gonzales, TX "
48179,,115611,"Gray, TX "
48181,,143249,"Grayson, TX "
48183,,140755,"Gregg, TX "
48185,,118170,"Grimes, TX "
48187,,139591,"Guadalupe, TX "
48189,,113951,"Hale, TX "
48191,,110766,"Hall, TX "
48193,,115098,"Hamilton, TX "
48195,,113650,"Hansford, TX "
48197,,112106,"Hardeman, TX "
48199,,124571,"Hardin, TX "
48201,,719325,"Harris, TX "
48203,,128675,"Harrison, TX "
48205,,110713,"Hartley, TX "
48207,,111150,"Haskell, TX "
48209,,154024,"Hays, TX "
48211,,112955,"Hemphill, TX "
48213,,133386,"Henderson, TX "
48215,,238633,"Hidalgo, TX "
48217,,121158,"Hill, TX "
48219,,117470,"Hockley, TX "
48221,,129495,"Hood, TX "
48223,,117847,"Hopkins, TX "
48225,,117671,"Houston, TX "
48227,,116776,"Howard, TX "
48229,,113184,"Hudspeth, TX "
48231,,134749,"Hunt, TX "
48233,,115945,"Hutchinson, TX "
48235,,112044,"Irion, TX "
48237,,111600,"Jack, TX "
48239,,114120,"Jackson, TX "
48241,,119472,"Jasper, TX "
48243,,110195,"Jeff Davis, TX "
48245,,155225,"Jefferson, TX "
48247,,116203,"Jim Hogg, TX "
48249,,122079,"Jim Wells, TX "
48251,,150140,"Johnson, TX "
48253,,115684,"Jones, TX "
48255,,114094,"Karnes, TX "
48257,,142169,"Kaufman, TX "
48259,,129624,"Kendall, TX "
48261,,109290,"Kenedy, TX "
48263,,116639,"Kent, TX "
48265,,124526,"Kerr, TX "
48267,,109885,"Kimble, TX "
48269,,109656,"King, TX "
48271,,113535,"Kinney, TX "
48273,,121478,"Kleberg, TX "
48275,,111420,"Knox, TX "
48277,,121559,"Lamar, TX "
48279,,116793,"Lamb, TX "
48281,,114169,"Lampasas, TX "
48283,,113766,"La Salle, TX "
48285,,117854,"Lavaca, TX "
48287,,117981,"Lee, TX "
48289,,114863,"Leon, TX "
48291,,128936,"Liberty, TX "
48293,,116890,"Limestone, TX "
48295,,111581,"Lipscomb, TX "
48297,,110426,"Live Oak, TX "
48299,,120291,"Llano, TX "
48301,,114398,"Loving, TX "
48303,,165198,"Lubbock, TX "
48305,,112522,"Lynn, TX "
48307,,107609,"McCulloch, TX "
48309,,155211,"McLennan, TX "
48311,,112339,"McMullen, TX "
48313,,116793,"Madison, TX "
48315,,110942,"Marion, TX "
48317,,114142,"Martin, TX "
48319,,111664,"Mason, TX "
48321,,119546,"Matagorda, TX "
48323,,122793,"Maverick, TX "
48325,,119660,"Medina, TX "
48327,,108394,"Menard, TX "
48329,,133806,"Midland, TX "
48331,,117890,"Milam, TX "
48333,,112195,"Mills, TX "
48335,,114105,"Mitchell, TX "
48337,,121208,"Montague, TX "
48339,,226929,"Montgomery, TX "
48341,,110695,"Moore, TX "
48343,,114820,"Morris, TX "
48345,,110564,"Motley, TX "
48347,,122100,"Nacogdoches, TX "
48349,,116874,"Navarro, TX "
48351,,112796,"Newton, TX "
48353,,112993,"Nolan, TX "
48355,,177451,"Nueces, TX "
48357,,107276,"Ochiltree, TX "
48359,,114973,"Oldham, TX "
48361,,128572,"Orange, TX "
48363,,118209,"Palo Pinto, TX "
48365,,119182,"Panola, TX "
48367,,142008,"Parker, TX "
48369,,109680,"Parmer, TX "
48371,,115057,"Pecos, TX "
48373,,142078,"Polk, TX "
48375,,130854,"Potter, TX "
48377,,113239,"Presidio, TX "
48379,,117493,"Rains, TX "
48381,,138185,"Randall, TX "
48383,,111919,"Reagan, TX "
48385,,111483,"Real, TX "
48387,,115568,"Red River, TX "
48389,,112735,"Reeves, TX "
48391,,117644,"Refugio, TX "
48393,,112773,"Roberts, TX "
48395,,115307,"Robertson, TX "
48397,,133838,"Rockwall, TX "
48399,,114225,"Runnels, TX "
48401,,123172,"Rusk, TX "
48403,,113739,"Sabine, TX "
48405,,114804,"San Augustine, TX "
48407,,118524,"San Jacinto, TX "
48409,,126209,"San Patricio, TX "
48411,,115355,"San Saba, TX "
48413,,109864,"Schleicher, TX "
48415,,113399,"Scurry, TX "
48417,,115437,"Shackelford, TX "
48419,,119375,"Shelby, TX "
48421,,114871,"Sherman, TX "
48423,,164250,"Smith, TX "
48425,,115883,"Somervell, TX "
48427,,121758,"Starr, TX "
48429,,111196,"Stephens, TX "
48431,,112490,"Sterling, TX "
48433,,109370,"Stonewall, TX "
48435,,112959,"Sutton, TX "
48437,,110214,"Swisher, TX "
48439,,402529,"Tarrant, TX "
48441,,137827,"Taylor, TX "
48443,,109740,"Terrell, TX "
48445,,111304,"Terry, TX "
48447,,112080,"Throckmorton, TX "
48449,,116827,"Titus, TX "
48451,,137192,"Tom Green, TX "
48453,,276666,"Travis, TX "
48455,,114926,"Trinity, TX "
48457,,116807,"Tyler, TX "
48459,,122475,"Upshur, TX "
48461,,111214,"Upton, TX "
48463,,119934,"Uvalde, TX "
48465,,119563,"Val Verde, TX "
48467,,124389,"Van Zandt, TX "
48469,,129352,"Victoria, TX "
48471,,126739,"Walker, TX "
48473,,123693,"Waller, TX "
48475,,109625,"Ward, TX "
48477,,119766,"Washington, TX "
48479,,153000,"Webb, TX "
48481,,121785,"Wharton, TX "
48483,,111561,"Wheeler, TX "
48485,,137798,"Wichita, TX "
48487,,111338,"Wilbarger, TX "
48489,,116488,"Willacy, TX "
48491,,214406,"Williamson, TX "
48493,,122423,"Wilson, TX "
48495,,110076,"Winkler, TX "
48497,,130926,"Wise, TX "
48499,,122085,"Wood, TX "
48501,,111422,"Yoakum, TX "
48503,,114849,"Young, TX "
48505,,110229,"Zapata, TX "
48507,,113213,"Zavala, TX "
49001,,106862,"Beaver, UT "
49003,,113920,"Box Elder, UT "
49005,,120827,"Cache, UT "
49007,,107311,"Carbon, UT "
49009,,105321,"Daggett, UT "
49011,,148355,"Davis, UT "
49013,,108458,"Duchesne, UT "
49015,,106191,"Emery, UT "
49017,,109880,"Garfield, UT "
49019,,110251,"Grand, UT "
49021,,117395,"Iron, UT "
49023,,111193,"Juab, UT "
49025,,103961,"Kane, UT "
49027,,110940,"Millard, UT "
49029,,109047,"Morgan, UT "
49031,,105458,"Piute, UT "
49033,,107544,"Rich, UT "
49035,,259194,"Salt Lake, UT "
49037,,106711,"San Juan, UT "
49039,,109609,"Sanpete, UT "
49041,,110042,"Sevier, UT "
49043,,113290,"Summit, UT "
49045,,112862,"Tooele, UT "
49047,,108021,"Uintah, UT "
49049,,170676,"Utah, UT "
49051,,112422,"Wasatch, UT "
49053,,152395,"Washington, UT "
49055,,105098,"Wayne, UT "
49057,,143574,"Weber, UT "
50001,,107604,"Addison, VT "
50003,,115494,"Bennington, VT "
50005,,108250,"Caledonia, VT "
50007,,140316,"Chittenden, VT "
50009,,107305,"Essex, VT "
50011,,112226,"Franklin, VT "
50013,,105258,"Grand Isle, VT "
50015,,108716,"Lamoille, VT "
50017,,110091,"Orange, VT "
50019,,110365,"Orleans, VT "
50021,,117302,"Rutland, VT "
50023,,114670,"Washington, VT "
50025,,117320,"Windham, VT "
50027,,114098,"Windsor, VT "
51001,,113023,"Accomack, VA "
51003,,126755,"Albemarle, VA "
51005,,110799,"Alleghany, VA "
51007,,110446,"Amelia, VA "
51009,,113715,"Amherst, VA "
51011,,112356,"Appomattox, VA "
51013,,131695,"Arlington, VA "
51015,,123180,"Augusta, VA "
51017,,108364,"Bath, VA "
51019,,126584,"Bedford, VA "
51021,,112519,"Bland, VA "
51023,,113179,"Botetourt, VA "
51025,,109323,"Brunswick, VA "
51027,,113205,"Buchanan, VA "
51029,,105883,"Buckingham, VA "
51031,,117233,"Campbell, VA "
51033,,113338,"Caroline, VA "
51035,,113711,"Carroll, VA "
51036,,108644,"Charles City, VA "
51037,,109687,"Charlotte, VA "
51041,,170716,"Chesterfield, VA "
51043,,111501,"Clarke, VA "
51045,,107394,"Craig, VA "
51047,,112251,"Culpeper, VA "
51049,,109463,"Cumberland, VA "
51051,,110456,"Dickenson, VA "
51053,,113359,"Dinwiddie, VA "
51057,,111873,"Essex, VA "
51059,,247624,"Fairfax, VA "
51061,,115616,"Fauquier, VA "
51063,,109992,"Floyd, VA "
51065,,112333,"Fluvanna, VA "
51067,,120269,"Franklin, VA "
51069,,122684,"Frederick, VA "
51071,,114658,"Giles, VA "
51073,,111617,"Gloucester, VA "
51075,,113467,"Goochland, VA "
51077,,110441,"Grayson, VA "
51079,,113015,"Greene, VA "
51081,,109495,"Greensville, VA "
51083,,119822,"Halifax, VA "
51085,,131253,"Hanover, VA "
51087,,165745,"Henrico, VA "
51089,,121098,"Henry, VA "
51091,,112156,"Highland, VA "
51093,,117395,"Isle of Wight, VA "
51095,,130325,"James City, VA "
51097,,109525,"King and Queen, VA "
51099,,109504,"King George, VA "
51101,,108553,"King William, VA "
51103,,112339,"Lancaster, VA "
51105,,109871,"Lee, VA "
51107,,155887,"Loudoun, VA "
51109,,111771,"Louisa, VA "
51111,,111528,"Lunenburg, VA "
51113,,108746,"Madison, VA "
51115,,107967,"Mathews, VA "
51117,,110569,"Mecklenburg, VA "
51119,,107609,"Middlesex, VA "
51121,,117922,"Montgomery, VA "
51125,,112289,"Nelson, VA "
51127,,111259,"New Kent, VA "
51131,,111792,"Northampton, VA "
51133,,112129,"Northumberland, VA "
51135,,106397,"Nottoway, VA "
51137,,113566,"Orange, VA "
51139,,112057,"Page, VA "
51141,,112350,"Patrick, VA "
51143,,121612,"Pittsylvania, VA "
51145,,115938,"Powhatan, VA "
51147,,114027,"Prince Edward, VA "
51149,,112684,"Prince George, VA "
51153,,155535,"Prince William, VA "
51155,,112327,"Pulaski, VA "
51157,,110331,"Rappahannock, VA "
51159,,110549,"Richmond, VA "
51161,,128038,"Roanoke, VA "
51163,,111976,"Rockbridge, VA "
51165,,119874,"Rockingham, VA "
51167,,114022,"Russell, VA "
51169,,115544,"Scott, VA "
51171,,114597,"Shenandoah, VA "
51173,,113721,"Smyth, VA "
51175,,109512,"Southampton, VA "
51177,,123897,"Spotsylvania, VA "
51179,,125287,"Stafford, VA "
51181,,112610,"Surry, VA "
51183,,106221,"Sussex, VA "
51185,,120274,"Tazewell, VA "
51187,,110340,"Warren, VA "
51191,,121563,"Washington, VA "
51193,,110693,"Westmoreland, VA "
51195,,118585,"Wise, VA "
51197,,114831,"Wythe, VA "
51199,,115481,"York, VA "
51510,,129567,"Alexandria City, VA "
51520,,110921,"Bristol City, VA "
51530,,108656,"Buena Vista City, VA "
51540,,112929,"Charlottesville City, VA "
51550,,146387,"Chesapeake City, VA "
51570,,111985,"Colonial Heights City, VA "
51580,,104121,"Covington City, VA "
51590,,119403,"Danville City, VA "
51595,,106555,"Emporia City, VA "
51600,,111538,"Fairfax City, VA "
51610,,115240,"Falls Church City, VA "
51620,,109577,"Franklin City, VA "
51630,,113122,"Fredericksburg City, VA "
51640,,108283,"Galax City, VA "
51650,,128768,"Hampton City, VA "
51660,,109516,"Harrisonburg City, VA "
51670,,112525,"Hopewell City, VA "
51678,,107564,"Lexington City, VA "
51680,,125586,"Lynchburg City, VA "
51683,,112683,"Manassas City, VA "
51685,,106110,"Manassas Park City, VA "
51690,,111440,"Martinsville City, VA "
51700,,133936,"Newport News City, VA "
51710,,137623,"Norfolk City, VA "
51720,,108653,"Norton City, VA "
51730,,115824,"Petersburg City, VA "
51735,,110224,"Poquoson City, VA "
51740,,121463,"Portsmouth City, VA "
51750,,111376,"Radford City, VA "
51760,,145611,"Richmond City, VA "
51770,,126716,"Roanoke City, VA "
51775,,111867,"Salem City, VA "
51790,,113160,"Staunton City, VA "
51800,,121100,"Suffolk City, VA "
51810,,177429,"Virginia Beach City, VA "
51820,,109634,"Waynesboro City, VA "
51830,,113323,"Williamsburg City, VA "
51840,,113550,"Winchester City, VA "
53001,,107394,"Adams, WA "
53003,,108275,"Asotin, WA "
53005,,143810,"Benton, WA "
53007,,120553,"Chelan, WA "
53009,,131602,"Clallam, WA "
53011,,202212,"Clark, WA "
53013,,105121,"Columbia, WA "
53015,,130357,"Cowlitz, WA "
53017,,111863,"Douglas, WA "
53019,,107154,"Ferry, WA "
53021,,111594,"Franklin, WA "
53023,,101927,"Garfield, WA "
53025,,118382,"Grant, WA "
53027,,124286,"Grays Harbor, WA "
53029,,123839,"Island, WA "
53031,,118073,"Jefferson, WA "
53033,,425947,"King, WA "
53035,,154902,"Kitsap, WA "
53037,,114646,"Kittitas, WA "
53039,,107854,"Klickitat, WA "
53041,,124818,"Lewis, WA "
53043,,106137,"Lincoln, WA "
53045,,121763,"Mason, WA "
53047,,111904,"Okanogan, WA "
53049,,114745,"Pacific, WA "
53051,,107885,"Pend Oreille, WA "
53053,,248986,"Pierce, WA "
53055,,111652,"San Juan, WA "
53057,,139220,"Skagit, WA "
53059,,106878,"Skamania, WA "
53061,,242301,"Snohomish, WA "
53063,,212525,"Spokane, WA "
53065,,119050,"Stevens, WA "
53067,,162180,"Thurston, WA "
53069,,106961,"Wahkiakum, WA "
53071,,118381,"Walla Walla, WA "
53073,,156874,"Whatcom, WA "
53075,,109678,"Whitman, WA "
53077,,145188,"Yakima, WA "
54001,,108623,"Barbour, WV "
54003,,128932,"Berkeley, WV "
54005,,106295,"Boone, WV "
54007,,105788,"Braxton, WV "
54009,,106531,"Brooke, WV "
54011,,124255,"Cabell, WV "
54013,,106283,"Calhoun, WV "
54015,,107604,"Clay, WV "
54017,,103963,"Doddridge, WV "
54019,,112530,"Fayette, WV "
54021,,103928,"Gilmer, WV "
54023,,106680,"Grant, WV "
54025,,110736,"Greenbrier, WV "
54027,,111667,"Hampshire, WV "
54029,,109966,"Hancock, WV "
54031,,104332,"Hardy, WV "
54033,,115346,"Harrison, WV "
54035,,106228,"Jackson, WV "
54037,,113723,"Jefferson, WV "
54039,,150705,"Kanawha, WV "
54041,,105160,"Lewis, WV "
54043,,105989,"Lincoln, WV "
54045,,111356,"Logan, WV "
54047,,108941,"McDowell, WV "
54049,,115048,"Marion, WV "
54051,,105580,"Marshall, WV "
54053,,110272,"Mason, WV "
54055,,118533,"Mercer, WV "
54057,,110920,"Mineral, WV "
54059,,112484,"Mingo, WV "
54061,,115226,"Monongalia, WV "
54063,,105193,"Monroe, WV "
54065,,105743,"Morgan, WV "
54067,,112652,"Nicholas, WV "
54069,,115147,"Ohio, WV "
54071,,109903,"Pendleton, WV "
54073,,108983,"Pleasants, WV "
54075,,104595,"Pocahontas, WV "
54077,,110847,"Preston, WV "
54079,,117207,"Putnam, WV "
54081,,118441,"Raleigh, WV "
54083,,111584,"Randolph, WV "
54085,,106365,"Ritchie, WV "
54087,,111836,"Roane, WV "
54089,,107433,"Summers, WV "
54091,,106988,"Taylor, WV "
54093,,104812,"Tucker, WV "
54095,,102692,"Tyler, WV "
54097,,105076,"Upshur, WV "
54099,,112350,"Wayne, WV "
54101,,109097,"Webster, WV "
54103,,105590,"Wetzel, WV "
54105,,108221,"Wirt, WV "
54107,,121641,"Wood, WV "
54109,,104646,"Wyoming, WV "
55001,,109526,"Adams, WI "
55003,,107951,"Ashland, WI "
55005,,117728,"Barron, WI "
55007,,111999,"Bayfield, WI "
55009,,160644,"Brown, WI "
55011,,108502,"Buffalo, WI "
55013,,112029,"Burnett, WI "
55015,,114834,"Calumet, WI "
55017,,121525,"Chippewa, WI "
55019,,113809,"Clark, WI "
55021,,120148,"Columbia, WI "
55023,,112481,"Crawford, WI "
55025,,213060,"Dane, WI "
55027,,125500,"Dodge, WI "
55029,,114502,"Door, WI "
55031,,117618,"Douglas, WI "
55033,,115660,"Dunn, WI "
55035,,126286,"Eau Claire, WI "
55037,,112476,"Florence, WI "
55039,,132472,"Fond du Lac, WI "
55041,,107423,"Forest, WI "
55043,,116656,"Grant, WI "
55045,,116626,"Green, WI "
55047,,114766,"Green Lake, WI "
55049,,113123,"Iowa, WI "
55051,,109685,"Iron, WI "
55053,,106079,"Jackson, WI "
55055,,127026,"Jefferson, WI "
55057,,111974,"Juneau, WI "
55059,,142949,"Kenosha, WI "
55061,,113403,"Kewaunee, WI "
55063,,127653,"La Crosse, WI "
55065,,111787,"Lafayette, WI "
55067,,110488,"Langlade, WI "
55069,,114359,"Lincoln, WI "
55071,,124100,"Manitowoc, WI "
55073,,133903,"Marathon, WI "
55075,,119139,"Marinette, WI "
55077,,109507,"Marquette, WI "
55078,,105050,"Menominee, WI "
55079,,266635,"Milwaukee, WI "
55081,,115407,"Monroe, WI "
55083,,113711,"Oconto, WI "
55085,,115798,"Oneida, WI "
55087,,143163,"Outagamie, WI "
55089,,131739,"Ozaukee, WI "
55091,,111445,"Pepin, WI "
55093,,115816,"Pierce, WI "
55095,,115545,"Polk, WI "
55097,,123151,"Portage, WI "
55099,,111014,"Price, WI "
55101,,148896,"Racine, WI "
55103,,110125,"Richland, WI "
55105,,145580,"Rock, WI "
55107,,109781,"Rusk, WI "
55109,,126490,"St. Croix, WI "
55111,,122404,"Sauk, WI "
55113,,111884,"Sawyer, WI "
55115,,116040,"Shawano, WI "
55117,,131999,"Sheboygan, WI "
55119,,111614,"Taylor, WI "
55121,,112830,"Trempealeau, WI "
55123,,109281,"Vernon, WI "
55125,,117163,"Vilas, WI "
55127,,126520,"Walworth, WI "
55129,,109850,"Washburn, WI "
55131,,138104,"Washington, WI "
55133,,201800,"Waukesha, WI "
55135,,120998,"Waupaca, WI "
55137,,113886,"Waushara, WI "
55139,,140776,"Winnebago, WI "
55141,,125236,"Wood, WI "
56001,,113679,"Albany, WY "
56003,,106907,"Big Horn, WY "
56005,,110813,"Campbell, WY "
56007,,105967,"Carbon, WY "
56009,,106281,"Converse, WY "
56011,,109036,"Crook, WY "
56013,,111809,"Fremont, WY "
56015,,109342,"Goshen, WY "
56017,,104475,"Hot Springs, WY "
56019,,108031,"Johnson, WY "
56021,,127834,"Laramie, WY "
56023,,110593,"Lincoln, WY "
56025,,117365,"Natrona, WY "
56027,,102965,"Niobrara, WY "
56029,,110627,"Park, WY "
56031,,105294,"Platte, WY "
56033,,108270,"Sheridan, WY "
56035,,106365,"Sublette, WY "
56037,,113609,"Sweetwater, WY "
56039,,109790,"Teton, WY "
56041,,109561,"Uinta, WY "
56043,,104848,"Washakie, WY "
56045,,107116,"Weston, WY "
66010,,47417,"Ordot, GU "
66010,,44940,"Asan, GU "
66010,,45521,"Inarajan, GU "
66010,,45294,"Santa Rita, GU "
66010,,45677,"Talofofo, GU "
66010,,45854,"Sinajana, GU "
66010,,46432,"Dededo, GU "
66010,,45883,"Maite, GU "
66010,,47344,"Piti, GU "
66010,,45476,"Mangilao, GU "
66010,,55282,"Agana, GU "
66010,,45235,"Agana Heights, GU "
66010,,43474,"Barrigada, GU "
66010,,47363,"Agat, GU "
66010,,46290,"Merizo, GU "
66010,,43622,"Mongmong, GU "
66010,,46832,"Chalan Pago, GU "
66010,,47042,"Toto, GU "
66010,,46651,"Yigo, GU "
66010,,47185,"Yona, GU "
66010,,46284,"Umatac, GU "
66010,,48338,"Tamuning, GU "
72001,,61624,"Adjuntas, PR "
72003,,68485,"Aguada, PR "
72005,,71288,"Aguadilla, PR "
72007,,62015,"Aguas Buenas, PR "
72009,,64461,"Aibonito, PR "
72011,,65080,"Anasco, PR "
72013,,81195,"Arecibo, PR "
72015,,60135,"Arroyo, PR "
72017,,64111,"Barceloneta, PR "
72019,,66368,"Barranquitas, PR "
72021,,97485,"Bayamon, PR "
72023,,70106,"Cabo Rojo, PR "
72025,,87003,"Caguas, PR "
72027,,67313,"Camuy, PR "
72029,,70114,"Canovanas, PR "
72031,,91725,"Carolina, PR "
72033,,66468,"Catano, PR "
72035,,70229,"Cayey, PR "
72037,,63907,"Ceiba, PR "
72039,,64376,"Ciales, PR "
72041,,69701,"Cidra, PR "
72043,,66357,"Coamo, PR "
72045,,64190,"Comerio, PR "
72047,,67979,"Corozal, PR "
72049,,64566,"Culebra, PR "
72051,,67993,"Dorado, PR "
72053,,65422,"Fajardo, PR "
72054,,60977,"Florida, PR "
72055,,62274,"Guanica, PR "
72057,,65759,"Guayama, PR "
72059,,63698,"Guayanilla, PR "
72061,,75719,"Guaynabo, PR "
72063,,68201,"Gurabo, PR "
72065,,67274,"Hatillo, PR "
72067,,64219,"Hormigueros, PR "
72069,,73397,"Humacao, PR "
72071,,67555,"Isabela, PR "
72073,,61156,"Jayuya, PR "
72075,,66278,"Juana Diaz, PR "
72077,,64715,"Juncos, PR "
72079,,63143,"Lajas, PR "
72081,,65534,"Lares, PR "
72083,,64045,"Las Marias, PR "
72085,,65758,"Las Piedras, PR "
72087,,63911,"Loiza, PR "
72089,,62039,"Luquillo, PR "
72091,,67370,"Manati, PR "
72093,,62070,"Maricao, PR "
72095,,60500,"Maunabo, PR "
72097,,78936,"Mayaguez, PR "
72099,,67324,"Moca, PR "
72101,,67033,"Morovis, PR "
72103,,63108,"Naguabo, PR "
72105,,64397,"Naranjito, PR "
72107,,62392,"Orocovis, PR "
72109,,65549,"Patillas, PR "
72111,,66028,"Penuelas, PR "
72113,,95479,"Ponce, PR "
72115,,69039,"Quebradillas, PR "
72117,,62633,"Rincon, PR "
72119,,69831,"Rio Grande, PR "
72121,,65172,"Sabana Grande, PR "
72123,,68861,"Salinas, PR "
72125,,68056,"San German, PR "
72127,,131710,"San Juan, PR "
72129,,66619,"San Lorenzo, PR "
72131,,67856,"San Sebastian, PR "
72133,,64811,"Santa Isabel, PR "
72135,,70101,"Toa Alta, PR "
72137,,75189,"Toa Baja, PR "
72139,,68712,"Trujillo Alto, PR "
72141,,64824,"Utuado, PR "
72143,,65472,"Vega Alta, PR "
72145,,71598,"Vega Baja, PR "
72147,,64259,"Vieques, PR "
72149,,64794,"Villalba, PR "
72151,,69972,"Yabucoa, PR "
72153,,67869,"Yauco, PR "
78010,,63357,"St. Croix, VI "
78020,,57890,"St. John, VI "
60020,,43156,"Faleasao, AS "
60050,,41622,"Leasina, AS "
69085,,43232,"Northern Islands, MP "
60010,,38036,"Mauputasi, AS "
60010,,37383,"Ituau, AS "
60010,,36394,"Saole, AS "
60010,,36467,"Sua, AS "
60010,,37143,"Vaifanua, AS "
60020,,38320,"Tau, AS "
60020,,37510,"Ofu, AS "
60020,,36414,"Olosega, AS "
60020,,36957,"Fitiuta, AS "
60040,,36055,"Swains Island, AS "
60050,,38152,"Tualatai, AS "
60050,,36897,"Tualauta, AS "
60050,,37021,"Lealataua, AS "
51560,,30243,"Clifton Forge City, VA "
51780,,28824,"South Boston City, VA "
2261,,31515,"Valdez-Cordova, AK "
51515,,29417,"Bedford City, VA "
2031,,28786,"Angoon, AK "
2040,,29426,"Barrow-North Slope, AK "
2080,,27925,"Cordova-McCarthy, AK "
2120,,28716,"Kenai-Cook Inlet, AK "
2201,,29952,"Prince of Wales-Outer Ketchikan, AK "
2232,,29367,"Skagway-Hoonah-Angoon, AK "
2250,,27855,"Upper Yukon, AK "
2280,,28868,"Wrangell-Petersburg, AK "
46131,,28802,"Washabaugh, SD "
